Workbook

Sheet Definitions
A1: Metric | B1: Definition | C1: Formula / source
A2: — Sheets overview —
A3: Incoming Trains | B3: One row per inbound train, full lifecycle on a single line (identity, timestamps, derived waits/durations). | C3: tab 2; built by build_incoming_trains_sheet.
A4: Wagon Groups | B4: One row per wagon group, full lifecycle (parent train → classification → parent OBT → departure). | C4: tab 3; built by build_wagon_groups_sheet.
A5: Outbound Trains | B5: One row per outbound train (OBT), full lifecycle on the classification side (OBTP, exit gate, DEPD). | C5: tab 4; built by build_outbound_trains_sheet.
A6: WG Yard Times | B6: Per-WG cross-check of arrival-yard and classification-yard dwell times, with all the supporting timestamps shown. | C6: built by build_wg_yard_times_sheet.
A7: Activities (raw) | B7: One row per completed activity instance. Identity (type, id, entity, length), drive context (from/to/distance), timestamps (initialized/started/completed), duration. | C7: built by build_activities_raw_sheet.
A8: OBTs (raw) / WGs (raw) | B8: Flat rows for outbound trains and classified wagon groups; redundant with the per-entity sheets but kept for legacy cross-references. | C8: built by build_obts_raw_sheet / build_wgs_raw_sheet.
A9: — Incoming Trains KPIs —
A10: Entry Queue wait (hh:mm:ss) | B10: Time the train sat in the entry queue waiting for an arrival track to free up. Pure queue time — does NOT include the drive. | C10: Incoming Trains!M = (E − D) = ArrivalDriveStart − EntryToStation
A11: Arrival drive duration (hh:mm:ss) | B11: Time the train spent physically driving from the entry gate to its assigned arrival track. | C11: Incoming Trains!N = (F − E) = AtArrivalTrack − ArrivalDriveStart
A12: ITP wait (hh:mm:ss) | B12: Time between ITP being submitted to ResourceCU and the work actually commencing. Captures worker + shunt-loco allocation + travel-to-site time. | C12: Incoming Trains!O = (H − G) = ITP_Starts − ITP_Init
A13: ITP duration (hh:mm:ss) | B13: Time the ITP work itself ran, once resources arrived. | C13: Incoming Trains!P = (I − H) = ITP_Ends − ITP_Starts
A14: PushOff wait (hh:mm:ss) | B14: Time between PushOff being submitted and the work actually commencing. Captures worker re-allocation + passage-track wait. | C14: Incoming Trains!Q = (K − J) = PushOff_Starts − PushOff_Init
A15: PushOff duration (hh:mm:ss) | B15: Time the entire PushOff envelope ran (all sub-drives + loco pull-backs between them). | C15: Incoming Trains!R = (L − K) = PushOff_Ends − PushOff_Starts
A16: Total in arrival yard (hh:mm:ss) | B16: Total time the inbound train physically occupied an arrival track (from arrival to last WG pushed off). | C16: Incoming Trains!S = (L − F) = PushOff_Ends − AtArrivalTrack
A17: Total in system (hh:mm:ss) | B17: End-to-end inbound time: from entry-queue arrival until PushOff completed. | C17: Incoming Trains!T = (L − D) = PushOff_Ends − EntryToStation
A18: — Wagon Groups KPIs —
A19: Time in arrival yard (hh:mm:ss) | B19: Time the WG was on the arrival track as part of its parent train, from arrival to being pushed off. | C19: Wagon Groups!M = (G − E) = PushOffDriveEnds − AtArrivalTrack
A20: Time in classification yard (hh:mm:ss) | B20: Time the WG sat on its classification track, from arriving there (= PushOffDrive ends) until the parent OBT physically departed. | C20: Wagon Groups!N = (L − G) = DepartureDriveEnds − PushOffDriveEnds
A21: Idle time on classification track (hh:mm:ss) | B21: Time the WG waits after getting coupled or secured until the OBTP activity starts — the 'doing nothing' window after its own prep is done but before OBT-wide work begins. | C21: Wagon Groups!P = (I − O) = OBTP_Starts − SEC/COP_End
A22: Classification context | B22: Plain-language narrative of the WG's time on the classification track: how it joined (secured first, or coupled to the sibling already there), the wait before each later sibling coupled, the OBTP window, and departure. | C22: Wagon Groups!Q; built in parse_wagon_groups.
A23: — Outbound Trains KPIs —
A24: OBTP wait (hh:mm:ss) | B24: Time between OBTP being submitted and actually starting. Captures worker + train-loco allocation + travel. | C24: Outbound Trains!K = (F − E) = OBTP_Starts − OBTP_Init
A25: OBTP duration (hh:mm:ss) | B25: Time the OBTP work itself ran. | C25: Outbound Trains!L = (G − F) = OBTP_Ends − OBTP_Starts
A26: DEPD gate wait (hh:mm:ss) | B26: Time the OBT was ready to depart (DEPD submitted) but stuck waiting for the single exit-gate resource. Headline bottleneck metric given exitGateCount = 1. | C26: Outbound Trains!M = (I − H) = DEPD_Starts − DEPD_Init
A27: DEPD duration (hh:mm:ss) | B27: Time the train spent physically driving from its classification track to the exit gate. | C27: Outbound Trains!N = (J − I) = DEPD_Ends − DEPD_Starts
A28: Total on classification track (hh:mm:ss) | B28: End-to-end outbound time, from OBT-creation moment (≈ OBTP init) until DEPD completes. | C28: Outbound Trains!O = (J − E) = DEPD_Ends − OBTP_Init
A29: — Activities (raw) reference —
A30: Activity row | B30: One row per completed activity (Started AND Completed present). Pending / cancelled activities are excluded from this sheet. | C30: parse_activity_durations in analytics.py.
A31: From / To / Drive length | B31: Populated only for the three driving activity types (ArrivalDrive, DepartureDrive, PushOffDrive). Distance values come from static maps near the top of analytics.py (ported from C# Models/*DriveActivity.cs and Models/PushOffActivity.cs). | C31: ARRIVAL_DRIVE_DISTANCES + DEPARTURE_DRIVE_DISTANCES + PUSH_ARRIVAL_LEG + PUSH_CLASS_LEG (in analytics.py).
A32: Duration (hh:mm:ss) | B32: Wall-clock time the activity spent in its 'running' state. Rendered as hh:mm:ss across the whole workbook. | C32: Activities (raw)!K = Completed − Started
A33: — Activity type glossary —
A34: Activity type abbreviations | B34: ARRD = ArrivalDrive (train enters yard on own loco); ITP = IncomingTrainPreparation (workers prep arriving train); PO = PushOff (parent envelope); POD = PushOffDrive (one sub-drive per consecutive-same-destination cut of WGs); SEC = Securing (first WG on a classification track); COP = Coupling (joining WG to existing WGs on track); OBTP = OutboundTrainPreparation (workers + train loco prep OBT); DEPD = DepartureDrive (OBT exits through gate). | C34: (reference — see Models/Activity.cs GetActivityAbbreviation).
A35: — WG → OBT matching —
A36: How parent OBT is derived for a WG | B36: WGs are matched to OBTs by classification track + time window: an OBT created at time T on track X owns every WG that arrived on track X at or before T and wasn't already claimed by an earlier OBT on the same track. Greedy, earliest-OBT-first. | C36: parse_obts_and_wgs in analytics.py.

Sheet Overview
A1: Wiener Neustadt Shunting Yard — Overview
A3: — Run summary — | B3: Value
A4: Inbound trains processed | B4: =COUNTA('Incoming Trains'!A:A)-1
A5: OBTs created | B5: =COUNTA('Outbound Trains'!A:A)-1
A6: WGs classified | B6: =COUNTA('Wagon Groups'!A:A)-1
A7: Activity instances logged | B7: =COUNTA('Activities (raw)'!A:A)-1
A8: Sim duration (hh:mm:ss) | B8: 29.77419
A10: — Incoming Trains KPIs (per-train averages) — | B10: Mean | C10: Min | D10: Max | E10: Median
A11: Entry Queue wait | B11: =IFERROR(AVERAGE('Incoming Trains'!M:M),0) | C11: =IFERROR(MIN('Incoming Trains'!M:M),0) | D11: =IFERROR(MAX('Incoming Trains'!M:M),0) | E11: =IFERROR(MEDIAN('Incoming Trains'!M:M),0)
A12: Arrival drive duration | B12: =IFERROR(AVERAGE('Incoming Trains'!N:N),0) | C12: =IFERROR(MIN('Incoming Trains'!N:N),0) | D12: =IFERROR(MAX('Incoming Trains'!N:N),0) | E12: =IFERROR(MEDIAN('Incoming Trains'!N:N),0)
A13: ITP wait | B13: =IFERROR(AVERAGE('Incoming Trains'!O:O),0) | C13: =IFERROR(MIN('Incoming Trains'!O:O),0) | D13: =IFERROR(MAX('Incoming Trains'!O:O),0) | E13: =IFERROR(MEDIAN('Incoming Trains'!O:O),0)
A14: ITP duration | B14: =IFERROR(AVERAGE('Incoming Trains'!P:P),0) | C14: =IFERROR(MIN('Incoming Trains'!P:P),0) | D14: =IFERROR(MAX('Incoming Trains'!P:P),0) | E14: =IFERROR(MEDIAN('Incoming Trains'!P:P),0)
A15: PushOff wait | B15: =IFERROR(AVERAGE('Incoming Trains'!Q:Q),0) | C15: =IFERROR(MIN('Incoming Trains'!Q:Q),0) | D15: =IFERROR(MAX('Incoming Trains'!Q:Q),0) | E15: =IFERROR(MEDIAN('Incoming Trains'!Q:Q),0)
A16: PushOff duration | B16: =IFERROR(AVERAGE('Incoming Trains'!R:R),0) | C16: =IFERROR(MIN('Incoming Trains'!R:R),0) | D16: =IFERROR(MAX('Incoming Trains'!R:R),0) | E16: =IFERROR(MEDIAN('Incoming Trains'!R:R),0)
A17: Total in arrival yard | B17: =IFERROR(AVERAGE('Incoming Trains'!S:S),0) | C17: =IFERROR(MIN('Incoming Trains'!S:S),0) | D17: =IFERROR(MAX('Incoming Trains'!S:S),0) | E17: =IFERROR(MEDIAN('Incoming Trains'!S:S),0)
A18: Total in system | B18: =IFERROR(AVERAGE('Incoming Trains'!T:T),0) | C18: =IFERROR(MIN('Incoming Trains'!T:T),0) | D18: =IFERROR(MAX('Incoming Trains'!T:T),0) | E18: =IFERROR(MEDIAN('Incoming Trains'!T:T),0)
A20: — Wagon Groups KPIs (per-WG averages) — | B20: Mean | C20: Min | D20: Max | E20: Median
A21: Time in arrival yard | B21: =IFERROR(AVERAGE('Wagon Groups'!M:M),0) | C21: =IFERROR(MIN('Wagon Groups'!M:M),0) | D21: =IFERROR(MAX('Wagon Groups'!M:M),0) | E21: =IFERROR(MEDIAN('Wagon Groups'!M:M),0)
A22: Time in classification yard | B22: =IFERROR(AVERAGE('Wagon Groups'!N:N),0) | C22: =IFERROR(MIN('Wagon Groups'!N:N),0) | D22: =IFERROR(MAX('Wagon Groups'!N:N),0) | E22: =IFERROR(MEDIAN('Wagon Groups'!N:N),0)
A23: Idle time on classification track | B23: =IFERROR(AVERAGE('Wagon Groups'!P:P),0) | C23: =IFERROR(MIN('Wagon Groups'!P:P),0) | D23: =IFERROR(MAX('Wagon Groups'!P:P),0) | E23: =IFERROR(MEDIAN('Wagon Groups'!P:P),0)
A25: — Outbound Trains KPIs (per-OBT averages) — | B25: Mean | C25: Min | D25: Max | E25: Median
A26: OBTP wait | B26: =IFERROR(AVERAGE('Outbound Trains'!K:K),0) | C26: =IFERROR(MIN('Outbound Trains'!K:K),0) | D26: =IFERROR(MAX('Outbound Trains'!K:K),0) | E26: =IFERROR(MEDIAN('Outbound Trains'!K:K),0)
A27: OBTP duration | B27: =IFERROR(AVERAGE('Outbound Trains'!L:L),0) | C27: =IFERROR(MIN('Outbound Trains'!L:L),0) | D27: =IFERROR(MAX('Outbound Trains'!L:L),0) | E27: =IFERROR(MEDIAN('Outbound Trains'!L:L),0)
A28: DEPD gate wait | B28: =IFERROR(AVERAGE('Outbound Trains'!M:M),0) | C28: =IFERROR(MIN('Outbound Trains'!M:M),0) | D28: =IFERROR(MAX('Outbound Trains'!M:M),0) | E28: =IFERROR(MEDIAN('Outbound Trains'!M:M),0)
A29: DEPD duration | B29: =IFERROR(AVERAGE('Outbound Trains'!N:N),0) | C29: =IFERROR(MIN('Outbound Trains'!N:N),0) | D29: =IFERROR(MAX('Outbound Trains'!N:N),0) | E29: =IFERROR(MEDIAN('Outbound Trains'!N:N),0)
A30: Total on classification track | B30: =IFERROR(AVERAGE('Outbound Trains'!O:O),0) | C30: =IFERROR(MIN('Outbound Trains'!O:O),0) | D30: =IFERROR(MAX('Outbound Trains'!O:O),0) | E30: =IFERROR(MEDIAN('Outbound Trains'!O:O),0)

Sheet Incoming Trains
A1: ID | B1: Length (m) | C1: Track | D1: Entry to station | E1: Arrival drive start | F1: At arrival track | G1: ITP init | H1: ITP starts | I1: ITP ends | J1: PushOff init | K1: PushOff starts | L1: PushOff ends | M1: Entry Queue wait (hh:mm:ss) | N1: Arrival drive dur (hh:mm:ss) | O1: ITP wait (hh:mm:ss) | P1: ITP duration (hh:mm:ss) | Q1: PushOff wait (hh:mm:ss) | R1: PushOff duration (hh:mm:ss) | S1: Total in arrival yard (hh:mm:ss) | T1: Total in system (hh:mm:ss)
A2: 10001 | B2: 227.02 | C2: 703 | D2: 45659.111 | E2: 45659.111 | F2: 45659.113 | G2: 45659.113 | H2: 45659.116 | I2: 45659.12 | J2: 45659.12 | K2: 45659.121 | L2: 45659.128 | M2: =IF(AND(ISNUMBER(D2),ISNUMBER(E2)),(E2-D2),"") | N2: =IF(AND(ISNUMBER(E2),ISNUMBER(F2)),(F2-E2),"") | O2: =IF(AND(ISNUMBER(G2),ISNUMBER(H2)),(H2-G2),"") | P2: =IF(AND(ISNUMBER(H2),ISNUMBER(I2)),(I2-H2),"") | Q2: =IF(AND(ISNUMBER(J2),ISNUMBER(K2)),(K2-J2),"") | R2: =IF(AND(ISNUMBER(K2),ISNUMBER(L2)),(L2-K2),"") | S2: =IF(AND(ISNUMBER(F2),ISNUMBER(L2)),(L2-F2),"") | T2: =IF(AND(ISNUMBER(D2),ISNUMBER(L2)),(L2-D2),"")
A3: 10002 | B3: 182.7 | C3: 703 | D3: 45659.269 | E3: 45659.269 | F3: 45659.271 | G3: 45659.271 | H3: 45659.274 | I3: 45659.275 | J3: 45659.275 | K3: 45659.276 | L3: 45659.278 | M3: =IF(AND(ISNUMBER(D3),ISNUMBER(E3)),(E3-D3),"") | N3: =IF(AND(ISNUMBER(E3),ISNUMBER(F3)),(F3-E3),"") | O3: =IF(AND(ISNUMBER(G3),ISNUMBER(H3)),(H3-G3),"") | P3: =IF(AND(ISNUMBER(H3),ISNUMBER(I3)),(I3-H3),"") | Q3: =IF(AND(ISNUMBER(J3),ISNUMBER(K3)),(K3-J3),"") | R3: =IF(AND(ISNUMBER(K3),ISNUMBER(L3)),(L3-K3),"") | S3: =IF(AND(ISNUMBER(F3),ISNUMBER(L3)),(L3-F3),"") | T3: =IF(AND(ISNUMBER(D3),ISNUMBER(L3)),(L3-D3),"")
A4: 10003 | B4: 578.18 | C4: 727 | D4: 45659.298 | E4: 45659.298 | F4: 45659.3 | G4: 45659.3 | H4: 45659.303 | I4: 45659.318 | J4: 45659.318 | K4: 45659.319 | L4: 45659.339 | M4: =IF(AND(ISNUMBER(D4),ISNUMBER(E4)),(E4-D4),"") | N4: =IF(AND(ISNUMBER(E4),ISNUMBER(F4)),(F4-E4),"") | O4: =IF(AND(ISNUMBER(G4),ISNUMBER(H4)),(H4-G4),"") | P4: =IF(AND(ISNUMBER(H4),ISNUMBER(I4)),(I4-H4),"") | Q4: =IF(AND(ISNUMBER(J4),ISNUMBER(K4)),(K4-J4),"") | R4: =IF(AND(ISNUMBER(K4),ISNUMBER(L4)),(L4-K4),"") | S4: =IF(AND(ISNUMBER(F4),ISNUMBER(L4)),(L4-F4),"") | T4: =IF(AND(ISNUMBER(D4),ISNUMBER(L4)),(L4-D4),"")
A5: 10004 | B5: 188.96 | C5: 703 | D5: 45659.307 | E5: 45659.307 | F5: 45659.309 | G5: 45659.309 | H5: 45659.312 | I5: 45659.313 | J5: 45659.313 | K5: 45659.314 | L5: 45659.316 | M5: =IF(AND(ISNUMBER(D5),ISNUMBER(E5)),(E5-D5),"") | N5: =IF(AND(ISNUMBER(E5),ISNUMBER(F5)),(F5-E5),"") | O5: =IF(AND(ISNUMBER(G5),ISNUMBER(H5)),(H5-G5),"") | P5: =IF(AND(ISNUMBER(H5),ISNUMBER(I5)),(I5-H5),"") | Q5: =IF(AND(ISNUMBER(J5),ISNUMBER(K5)),(K5-J5),"") | R5: =IF(AND(ISNUMBER(K5),ISNUMBER(L5)),(L5-K5),"") | S5: =IF(AND(ISNUMBER(F5),ISNUMBER(L5)),(L5-F5),"") | T5: =IF(AND(ISNUMBER(D5),ISNUMBER(L5)),(L5-D5),"")
A6: 10005 | B6: 396.56 | C6: 703 | D6: 45659.334 | E6: 45659.334 | F6: 45659.336 | G6: 45659.336 | H6: 45659.339 | I6: 45659.342 | J6: 45659.342 | K6: 45659.343 | L6: 45659.345 | M6: =IF(AND(ISNUMBER(D6),ISNUMBER(E6)),(E6-D6),"") | N6: =IF(AND(ISNUMBER(E6),ISNUMBER(F6)),(F6-E6),"") | O6: =IF(AND(ISNUMBER(G6),ISNUMBER(H6)),(H6-G6),"") | P6: =IF(AND(ISNUMBER(H6),ISNUMBER(I6)),(I6-H6),"") | Q6: =IF(AND(ISNUMBER(J6),ISNUMBER(K6)),(K6-J6),"") | R6: =IF(AND(ISNUMBER(K6),ISNUMBER(L6)),(L6-K6),"") | S6: =IF(AND(ISNUMBER(F6),ISNUMBER(L6)),(L6-F6),"") | T6: =IF(AND(ISNUMBER(D6),ISNUMBER(L6)),(L6-D6),"")
A7: 10006 | B7: 440.26 | C7: 703 | D7: 45659.367 | E7: 45659.367 | F7: 45659.37 | G7: 45659.37 | H7: 45659.372 | I7: 45659.386 | J7: 45659.386 | K7: 45659.388 | L7: 45659.406 | M7: =IF(AND(ISNUMBER(D7),ISNUMBER(E7)),(E7-D7),"") | N7: =IF(AND(ISNUMBER(E7),ISNUMBER(F7)),(F7-E7),"") | O7: =IF(AND(ISNUMBER(G7),ISNUMBER(H7)),(H7-G7),"") | P7: =IF(AND(ISNUMBER(H7),ISNUMBER(I7)),(I7-H7),"") | Q7: =IF(AND(ISNUMBER(J7),ISNUMBER(K7)),(K7-J7),"") | R7: =IF(AND(ISNUMBER(K7),ISNUMBER(L7)),(L7-K7),"") | S7: =IF(AND(ISNUMBER(F7),ISNUMBER(L7)),(L7-F7),"") | T7: =IF(AND(ISNUMBER(D7),ISNUMBER(L7)),(L7-D7),"")
A8: 10007 | B8: 212.7 | C8: 727 | D8: 45659.375 | E8: 45659.375 | F8: 45659.377 | G8: 45659.377 | H8: 45659.38 | I8: 45659.382 | J8: 45659.382 | K8: 45659.383 | L8: 45659.387 | M8: =IF(AND(ISNUMBER(D8),ISNUMBER(E8)),(E8-D8),"") | N8: =IF(AND(ISNUMBER(E8),ISNUMBER(F8)),(F8-E8),"") | O8: =IF(AND(ISNUMBER(G8),ISNUMBER(H8)),(H8-G8),"") | P8: =IF(AND(ISNUMBER(H8),ISNUMBER(I8)),(I8-H8),"") | Q8: =IF(AND(ISNUMBER(J8),ISNUMBER(K8)),(K8-J8),"") | R8: =IF(AND(ISNUMBER(K8),ISNUMBER(L8)),(L8-K8),"") | S8: =IF(AND(ISNUMBER(F8),ISNUMBER(L8)),(L8-F8),"") | T8: =IF(AND(ISNUMBER(D8),ISNUMBER(L8)),(L8-D8),"")
A9: 10008 | B9: 387.06 | C9: 703 | D9: 45659.437 | E9: 45659.437 | F9: 45659.439 | G9: 45659.439 | H9: 45659.442 | I9: 45659.447 | J9: 45659.447 | K9: 45659.448 | L9: 45659.453 | M9: =IF(AND(ISNUMBER(D9),ISNUMBER(E9)),(E9-D9),"") | N9: =IF(AND(ISNUMBER(E9),ISNUMBER(F9)),(F9-E9),"") | O9: =IF(AND(ISNUMBER(G9),ISNUMBER(H9)),(H9-G9),"") | P9: =IF(AND(ISNUMBER(H9),ISNUMBER(I9)),(I9-H9),"") | Q9: =IF(AND(ISNUMBER(J9),ISNUMBER(K9)),(K9-J9),"") | R9: =IF(AND(ISNUMBER(K9),ISNUMBER(L9)),(L9-K9),"") | S9: =IF(AND(ISNUMBER(F9),ISNUMBER(L9)),(L9-F9),"") | T9: =IF(AND(ISNUMBER(D9),ISNUMBER(L9)),(L9-D9),"")
A10: 10009 | B10: 287.12 | C10: 703 | D10: 45659.607 | E10: 45659.607 | F10: 45659.609 | G10: 45659.609 | H10: 45659.612 | I10: 45659.615 | J10: 45659.615 | K10: 45659.615 | L10: 45659.617 | M10: =IF(AND(ISNUMBER(D10),ISNUMBER(E10)),(E10-D10),"") | N10: =IF(AND(ISNUMBER(E10),ISNUMBER(F10)),(F10-E10),"") | O10: =IF(AND(ISNUMBER(G10),ISNUMBER(H10)),(H10-G10),"") | P10: =IF(AND(ISNUMBER(H10),ISNUMBER(I10)),(I10-H10),"") | Q10: =IF(AND(ISNUMBER(J10),ISNUMBER(K10)),(K10-J10),"") | R10: =IF(AND(ISNUMBER(K10),ISNUMBER(L10)),(L10-K10),"") | S10: =IF(AND(ISNUMBER(F10),ISNUMBER(L10)),(L10-F10),"") | T10: =IF(AND(ISNUMBER(D10),ISNUMBER(L10)),(L10-D10),"")
A11: 10010 | B11: 571.9 | C11: 727 | D11: 45659.625 | E11: 45659.625 | F11: 45659.627 | G11: 45659.627 | H11: 45659.63 | I11: 45659.642 | J11: 45659.642 | K11: 45659.643 | L11: 45659.657 | M11: =IF(AND(ISNUMBER(D11),ISNUMBER(E11)),(E11-D11),"") | N11: =IF(AND(ISNUMBER(E11),ISNUMBER(F11)),(F11-E11),"") | O11: =IF(AND(ISNUMBER(G11),ISNUMBER(H11)),(H11-G11),"") | P11: =IF(AND(ISNUMBER(H11),ISNUMBER(I11)),(I11-H11),"") | Q11: =IF(AND(ISNUMBER(J11),ISNUMBER(K11)),(K11-J11),"") | R11: =IF(AND(ISNUMBER(K11),ISNUMBER(L11)),(L11-K11),"") | S11: =IF(AND(ISNUMBER(F11),ISNUMBER(L11)),(L11-F11),"") | T11: =IF(AND(ISNUMBER(D11),ISNUMBER(L11)),(L11-D11),"")
A12: 10011 | B12: 267.58 | C12: 703 | D12: 45659.626 | E12: 45659.626 | F12: 45659.629 | G12: 45659.629 | H12: 45659.631 | I12: 45659.634 | J12: 45659.634 | K12: 45659.634 | L12: 45659.637 | M12: =IF(AND(ISNUMBER(D12),ISNUMBER(E12)),(E12-D12),"") | N12: =IF(AND(ISNUMBER(E12),ISNUMBER(F12)),(F12-E12),"") | O12: =IF(AND(ISNUMBER(G12),ISNUMBER(H12)),(H12-G12),"") | P12: =IF(AND(ISNUMBER(H12),ISNUMBER(I12)),(I12-H12),"") | Q12: =IF(AND(ISNUMBER(J12),ISNUMBER(K12)),(K12-J12),"") | R12: =IF(AND(ISNUMBER(K12),ISNUMBER(L12)),(L12-K12),"") | S12: =IF(AND(ISNUMBER(F12),ISNUMBER(L12)),(L12-F12),"") | T12: =IF(AND(ISNUMBER(D12),ISNUMBER(L12)),(L12-D12),"")
A13: 10012 | B13: 580.98 | C13: 727 | D13: 45659.737 | E13: 45659.737 | F13: 45659.74 | G13: 45659.74 | H13: 45659.742 | I13: 45659.758 | J13: 45659.758 | K13: 45659.759 | L13: 45659.779 | M13: =IF(AND(ISNUMBER(D13),ISNUMBER(E13)),(E13-D13),"") | N13: =IF(AND(ISNUMBER(E13),ISNUMBER(F13)),(F13-E13),"") | O13: =IF(AND(ISNUMBER(G13),ISNUMBER(H13)),(H13-G13),"") | P13: =IF(AND(ISNUMBER(H13),ISNUMBER(I13)),(I13-H13),"") | Q13: =IF(AND(ISNUMBER(J13),ISNUMBER(K13)),(K13-J13),"") | R13: =IF(AND(ISNUMBER(K13),ISNUMBER(L13)),(L13-K13),"") | S13: =IF(AND(ISNUMBER(F13),ISNUMBER(L13)),(L13-F13),"") | T13: =IF(AND(ISNUMBER(D13),ISNUMBER(L13)),(L13-D13),"")
... A332: 10331 | B332: 351.04 | C332: 703 | D332: 45688.837 | E332: 45688.837 | F332: 45688.839 | G332: 45688.839 | H332: 45688.842 | I332: 45688.85 | J332: 45688.85 | K332: 45688.851 | L332: 45688.862 | M332: =IF(AND(ISNUMBER(D332),ISNUMBER(E332)),(E332-D332),"") | N332: =IF(AND(ISNUMBER(E332),ISNUMBER(F332)),(F332-E332),"") | O332: =IF(AND(ISNUMBER(G332),ISNUMBER(H332)),(H332-G332),"") | P332: =IF(AND(ISNUMBER(H332),ISNUMBER(I332)),(I332-H332),"") | Q332: =IF(AND(ISNUMBER(J332),ISNUMBER(K332)),(K332-J332),"") | R332: =IF(AND(ISNUMBER(K332),ISNUMBER(L332)),(L332-K332),"") | S332: =IF(AND(ISNUMBER(F332),ISNUMBER(L332)),(L332-F332),"") | T332: =IF(AND(ISNUMBER(D332),ISNUMBER(L332)),(L332-D332),"")

Sheet Wagon Groups
A1: ID | B1: Parent incoming train | C1: Length (m) | D1: Destination | E1: At arrival track | F1: PushOffDrive starts | G1: PushOffDrive ends | H1: Parent outbound train | I1: OBTP starts | J1: OBTP ends | K1: Departure drive starts | L1: Departure drive ends | M1: Time in arrival yard (hh:mm:ss) | N1: Time in classification yard (hh:mm:ss) | O1: SEC/COP end | P1: Idle time on classification track (hh:mm:ss) | Q1: Classification context
A2: 1000101 | B2: 10001 | C2: 19.9 | D2: Other sidings south | E2: 45659.113 | F2: 45659.121 | G2: 45659.122 | H2: OBT030125061555-Other sidings south | I2: 45660.263 | J2: 45660.281 | K2: 45660.281 | L2: 45660.281 | M2: =IF(AND(ISNUMBER(E2),ISNUMBER(G2)),(G2-E2),"") | N2: =IF(AND(ISNUMBER(G2),ISNUMBER(L2)),(L2-G2),"") | O2: 45659.124 | P2: =IF(AND(ISNUMBER(I2),ISNUMBER(O2)),(I2-O2),"") | Q2: WG 1000101 entered track and got secured then waited 4:47:39 for WG 1000301 to get coupled then waited 10:33:50 for WG 1001201 to get coupled then waited 8:42:56 for WG 1001402 to get coupled then waited 0:04:13 for WG 1001404 to get coupled then waited 3:08:11 for WG 1001604 to get coupled, OBTP started on 06:18:17 finished on 06:43:58 and then left at 06:44:59
A3: 1000102 | B3: 10001 | C3: 103.9 | D3: Neunkirchen (loading tracks) | E3: 45659.113 | F3: 45659.122 | G3: 45659.124 | H3: OBT020125030112-Neunkirchen (loading tracks) | I3: 45659.127 | J3: 45659.145 | K3: 45659.145 | L3: 45659.145 | M3: =IF(AND(ISNUMBER(E3),ISNUMBER(G3)),(G3-E3),"") | N3: =IF(AND(ISNUMBER(G3),ISNUMBER(L3)),(L3-G3),"") | O3: 45659.126 | P3: =IF(AND(ISNUMBER(I3),ISNUMBER(O3)),(I3-O3),"") | Q3: WG 1000102 entered track and got secured, OBTP started on 03:02:27 finished on 03:28:25 and then left at 03:29:23
A4: 1000103 | B4: 10001 | C4: 71.74 | D4: Ternitz (Schoeller-Bleckmann) | E4: 45659.113 | F4: 45659.124 | G4: 45659.126 | H4: OBT020125152222-Ternitz (Schoeller-Bleckmann) | I4: 45659.641 | J4: 45659.704 | K4: 45659.705 | L4: 45659.706 | M4: =IF(AND(ISNUMBER(E4),ISNUMBER(G4)),(G4-E4),"") | N4: =IF(AND(ISNUMBER(G4),ISNUMBER(L4)),(L4-G4),"") | O4: 45659.128 | P4: =IF(AND(ISNUMBER(I4),ISNUMBER(O4)),(I4-O4),"") | Q4: WG 1000103 entered track and got secured then waited 4:51:04 for WG 1000304 to get coupled then waited 1:47:17 for WG 1000606 to get coupled then waited 5:39:51 for WG 1001101 to get coupled, OBTP started on 15:23:36 finished on 16:54:27 and then left at 16:56:24
A5: 1000104 | B5: 10001 | C5: 31.48 | D5: Gloggnitz | E5: 45659.113 | F5: 45659.126 | G5: 45659.128 | H5: OBT030125063005-Gloggnitz | I5: 45660.277 | J5: 45660.313 | K5: 45660.313 | L5: 45660.314 | M5: =IF(AND(ISNUMBER(E5),ISNUMBER(G5)),(G5-E5),"") | N5: =IF(AND(ISNUMBER(G5),ISNUMBER(L5)),(L5-G5),"") | O5: 45659.13 | P5: =IF(AND(ISNUMBER(I5),ISNUMBER(O5)),(I5-O5),"") | Q5: WG 1000104 entered track and got secured then waited 6:47:00 for WG 1000610 to get coupled then waited 8:29:19 for WG 1001202 to get coupled then waited 2:22:59 for WG 1001302 to get coupled then waited 9:43:40 for WG 1001609 to get coupled, OBTP started on 06:39:21 finished on 07:30:31 and then left at 07:31:55
A6: 1000201 | B6: 10002 | C6: 182.7 | D6: Wien Kledering | E6: 45659.271 | F6: 45659.276 | G6: 45659.278 | H6: OBT020125064334-Wien Kledering | I6: 45659.281 | J6: 45659.313 | K6: 45659.313 | L6: 45659.314 | M6: =IF(AND(ISNUMBER(E6),ISNUMBER(G6)),(G6-E6),"") | N6: =IF(AND(ISNUMBER(G6),ISNUMBER(L6)),(L6-G6),"") | O6: 45659.28 | P6: =IF(AND(ISNUMBER(I6),ISNUMBER(O6)),(I6-O6),"") | Q6: WG 1000201 entered track and got secured, OBTP started on 06:44:47 finished on 07:30:27 and then left at 07:31:41
A7: 1000301 | B7: 10003 | C7: 15.74 | D7: Other sidings south | E7: 45659.3 | F7: 45659.319 | G7: 45659.32 | H7: OBT030125061555-Other sidings south | I7: 45660.263 | J7: 45660.281 | K7: 45660.281 | L7: 45660.281 | M7: =IF(AND(ISNUMBER(E7),ISNUMBER(G7)),(G7-E7),"") | N7: =IF(AND(ISNUMBER(G7),ISNUMBER(L7)),(L7-G7),"") | O7: 45659.324 | P7: =IF(AND(ISNUMBER(I7),ISNUMBER(O7)),(I7-O7),"") | Q7: WG 1000301 entered track and got coupled to WG 1000101 then waited 10:33:50 for WG 1001201 to get coupled then waited 8:42:56 for WG 1001402 to get coupled then waited 0:04:13 for WG 1001404 to get coupled then waited 3:08:11 for WG 1001604 to get coupled, OBTP started on 06:18:17 finished on 06:43:58 and then left at 06:44:59
A8: 1000302 | B8: 10003 | C8: 264.62 | D8: Pitten (Hamburger) | E8: 45659.3 | F8: 45659.32 | G8: 45659.322 | H8: OBT020125074750-Pitten (Hamburger) | I8: 45659.326 | J8: 45659.372 | K8: 45659.372 | L8: 45659.373 | M8: =IF(AND(ISNUMBER(E8),ISNUMBER(G8)),(G8-E8),"") | N8: =IF(AND(ISNUMBER(G8),ISNUMBER(L8)),(L8-G8),"") | O8: 45659.325 | P8: =IF(AND(ISNUMBER(I8),ISNUMBER(O8)),(I8-O8),"") | Q8: WG 1000302 entered track and got secured, OBTP started on 07:49:15 finished on 08:55:24 and then left at 08:57:09
A9: 1000303 | B9: 10003 | C9: 21 | D9: Neunkirchen (loading tracks) | E9: 45659.3 | F9: 45659.322 | G9: 45659.324 | H9: OBT020125184418-Neunkirchen (loading tracks) | I9: 45659.784 | J9: 45659.802 | K9: 45659.802 | L9: 45659.803 | M9: =IF(AND(ISNUMBER(E9),ISNUMBER(G9)),(G9-E9),"") | N9: =IF(AND(ISNUMBER(G9),ISNUMBER(L9)),(L9-G9),"") | O9: 45659.327 | P9: =IF(AND(ISNUMBER(I9),ISNUMBER(O9)),(I9-O9),"") | Q9: WG 1000303 entered track and got secured then waited 0:17:26 for WG 1000309 to get coupled then waited 7:40:59 for WG 1001007 to get coupled then waited 2:55:35 for WG 1001210 to get coupled, OBTP started on 18:49:02 finished on 19:14:44 and then left at 19:15:51
A10: 1000304 | B10: 10003 | C10: 12.04 | D10: Ternitz (Schoeller-Bleckmann) | E10: 45659.3 | F10: 45659.324 | G10: 45659.326 | H10: OBT020125152222-Ternitz (Schoeller-Bleckmann) | I10: 45659.641 | J10: 45659.704 | K10: 45659.705 | L10: 45659.706 | M10: =IF(AND(ISNUMBER(E10),ISNUMBER(G10)),(G10-E10),"") | N10: =IF(AND(ISNUMBER(G10),ISNUMBER(L10)),(L10-G10),"") | O10: 45659.33 | P10: =IF(AND(ISNUMBER(I10),ISNUMBER(O10)),(I10-O10),"") | Q10: WG 1000304 entered track and got coupled to WG 1000103 then waited 1:47:17 for WG 1000606 to get coupled then waited 5:39:51 for WG 1001101 to get coupled, OBTP started on 15:23:36 finished on 16:54:27 and then left at 16:56:24
A11: 1000305 | B11: 10003 | C11: 98.6 | D11: Other sidings north | E11: 45659.3 | F11: 45659.326 | G11: 45659.328 | H11: OBT020125093208-Other sidings north | I11: 45659.414 | J11: 45659.438 | K11: 45659.438 | L11: 45659.438 | M11: =IF(AND(ISNUMBER(E11),ISNUMBER(G11)),(G11-E11),"") | N11: =IF(AND(ISNUMBER(G11),ISNUMBER(L11)),(L11-G11),"") | O11: 45659.331 | P11: =IF(AND(ISNUMBER(I11),ISNUMBER(O11)),(I11-O11),"") | Q11: WG 1000305 entered track and got secured then waited 1:36:05 for WG 1000603 to get coupled, OBTP started on 09:56:37 finished on 10:30:10 and then left at 10:31:25
A12: 1000306 | B12: 10003 | C12: 21 | D12: Neudörfl (FunderMax) | E12: 45659.3 | F12: 45659.328 | G12: 45659.33 | H12: OBT020125154035-Neudörfl (FunderMax) | I12: 45659.662 | J12: 45659.682 | K12: 45659.682 | L12: 45659.683 | M12: =IF(AND(ISNUMBER(E12),ISNUMBER(G12)),(G12-E12),"") | N12: =IF(AND(ISNUMBER(G12),ISNUMBER(L12)),(L12-G12),"") | O12: 45659.333 | P12: =IF(AND(ISNUMBER(I12),ISNUMBER(O12)),(I12-O12),"") | Q12: WG 1000306 entered track and got secured then waited 0:14:38 for WG 1000311 to get coupled then waited 1:11:18 for WG 1000601 to get coupled then waited 0:09:45 for WG 1000604 to get coupled then waited 6:04:58 for WG 1001004 to get coupled, OBTP started on 15:53:17 finished on 16:21:59 and then left at 16:23:06
A13: 1000307 | B13: 10003 | C13: 15.74 | D13: Other sidings local | E13: 45659.3 | F13: 45659.33 | G13: 45659.332 | H13: OBT030125205107-Other sidings local | I13: 45660.895 | J13: 45660.915 | K13: 45660.915 | L13: 45660.916 | M13: =IF(AND(ISNUMBER(E13),ISNUMBER(G13)),(G13-E13),"") | N13: =IF(AND(ISNUMBER(G13),ISNUMBER(L13)),(L13-G13),"") | O13: 45659.334 | P13: =IF(AND(ISNUMBER(I13),ISNUMBER(O13)),(I13-O13),"") | Q13: WG 1000307 entered track and got secured then waited 1:27:56 for WG 1000602 to get coupled then waited 8:58:50 for WG 1001204 to get coupled then waited 11:41:53 for WG 1001601 to get coupled then waited 1:49:03 for WG 1001807 to get coupled then waited 12:52:38 for WG 1002807 to get coupled, OBTP started on 21:28:27 finished on 21:57:12 and then left at 21:58:27
... A636: 1016710 | B636: 10167 | C636: 15.74 | D636: Other sidings north | E636: 45674.362 | F636: 45674.396 | G636: 45674.398 | H636: OBT170125093812-Neudörfl (FunderMax) | I636: 45676.748 | J636: 45676.78 | K636: 45676.78 | L636: 45676.781 | M636: =IF(AND(ISNUMBER(E636),ISNUMBER(G636)),(G636-E636),"") | N636: =IF(AND(ISNUMBER(G636),ISNUMBER(L636)),(L636-G636),"") | O636: 45674.402 | P636: =IF(AND(ISNUMBER(I636),ISNUMBER(O636)),(I636-O636),"") | Q636: WG 1016710 entered track and got coupled to WG 1016708, OBTP started on 17:57:00 finished on 18:43:09 and then left at 18:44:18
A637: 1016801 | B637: 10168 | C637: 163.2 | D637: Wien Kledering | E637: 45674.369 | M637: =IF(AND(ISNUMBER(E637),ISNUMBER(G637)),(G637-E637),"") | N637: =IF(AND(ISNUMBER(G637),ISNUMBER(L637)),(L637-G637),"") | P637: =IF(AND(ISNUMBER(I637),ISNUMBER(O637)),(I637-O637),"")
A638: 1016802 | B638: 10168 | C638: 173.3 | D638: St. Veit an der Glan | E638: 45674.369 | F638: 45674.376 | G638: 45674.377 | H638: OBT170125090658-St. Veit an der Glan | I638: 45675.036 | J638: 45675.067 | K638: 45675.067 | L638: 45675.067 | M638: =IF(AND(ISNUMBER(E638),ISNUMBER(G638)),(G638-E638),"") | N638: =IF(AND(ISNUMBER(G638),ISNUMBER(L638)),(L638-G638),"") | O638: 45674.38 | P638: =IF(AND(ISNUMBER(I638),ISNUMBER(O638)),(I638-O638),"") | Q638: WG 1016802 entered track and got secured, OBTP started on 00:52:28 finished on 01:35:47 and then left at 01:37:02
A639: 1016901 | B639: 10169 | C639: 21 | D639: St. Veit an der Glan | E639: 45674.426 | F639: 45674.434 | G639: 45674.435 | H639: OBT170125174751-Wien Kledering | I639: 45677.201 | J639: 45677.254 | K639: 45677.254 | L639: 45677.255 | M639: =IF(AND(ISNUMBER(E639),ISNUMBER(G639)),(G639-E639),"") | N639: =IF(AND(ISNUMBER(G639),ISNUMBER(L639)),(L639-G639),"") | O639: 45674.438 | P639: =IF(AND(ISNUMBER(I639),ISNUMBER(O639)),(I639-O639),"") | Q639: WG 1016901 entered track and got secured then waited 7:17:38 for WG 1017201 to get coupled, OBTP started on 04:49:55 finished on 06:05:27 and then left at 06:07:07
A640: 1016902 | B640: 10169 | C640: 422.2 | D640: Wien Kledering | E640: 45674.426 | M640: =IF(AND(ISNUMBER(E640),ISNUMBER(G640)),(G640-E640),"") | N640: =IF(AND(ISNUMBER(G640),ISNUMBER(L640)),(L640-G640),"") | P640: =IF(AND(ISNUMBER(I640),ISNUMBER(O640)),(I640-O640),"")
A641: 1017001 | B641: 10170 | C641: 238.44 | D641: Wien Kledering | E641: 45674.536 | F641: 45674.542 | G641: 45674.544 | H641: OBT170125130627-Wien Kledering | I641: 45676.856 | J641: 45676.897 | K641: 45676.897 | L641: 45676.898 | M641: =IF(AND(ISNUMBER(E641),ISNUMBER(G641)),(G641-E641),"") | N641: =IF(AND(ISNUMBER(G641),ISNUMBER(L641)),(L641-G641),"") | O641: 45674.546 | P641: =IF(AND(ISNUMBER(I641),ISNUMBER(O641)),(I641-O641),"") | Q641: WG 1017001 entered track and got secured, OBTP started on 20:32:10 finished on 21:31:47 and then left at 21:33:11
A642: 1017101 | B642: 10171 | C642: 220.36 | D642: Wien Kledering | E642: 45674.65 | F642: 45674.655 | G642: 45674.658 | H642: OBT170125155040-Wien Kledering | I642: 45677.123 | J642: 45677.161 | K642: 45677.161 | L642: 45677.162 | M642: =IF(AND(ISNUMBER(E642),ISNUMBER(G642)),(G642-E642),"") | N642: =IF(AND(ISNUMBER(G642),ISNUMBER(L642)),(L642-G642),"") | O642: 45674.66 | P642: =IF(AND(ISNUMBER(I642),ISNUMBER(O642)),(I642-O642),"") | Q642: WG 1017101 entered track and got secured, OBTP started on 02:56:44 finished on 03:51:49 and then left at 03:53:17
A643: 1017201 | B643: 10172 | C643: 302.12 | D643: Wien Kledering | E643: 45674.731 | F643: 45674.737 | G643: 45674.739 | H643: OBT170125174751-Wien Kledering | I643: 45677.201 | J643: 45677.254 | K643: 45677.254 | L643: 45677.255 | M643: =IF(AND(ISNUMBER(E643),ISNUMBER(G643)),(G643-E643),"") | N643: =IF(AND(ISNUMBER(G643),ISNUMBER(L643)),(L643-G643),"") | O643: 45674.742 | P643: =IF(AND(ISNUMBER(I643),ISNUMBER(O643)),(I643-O643),"") | Q643: WG 1017201 entered track and got secured, OBTP started on 04:49:55 finished on 06:05:27 and then left at 06:07:07
A644: 1017301 | B644: 10173 | C644: 110.18 | D644: Wien Kledering | E644: 45674.752 | F644: 45674.756 | G644: 45674.758 | H644: OBT170125181531-Wien Kledering | I644: 45677.257 | J644: 45677.276 | K644: 45677.276 | L644: 45677.277 | M644: =IF(AND(ISNUMBER(E644),ISNUMBER(G644)),(G644-E644),"") | N644: =IF(AND(ISNUMBER(G644),ISNUMBER(L644)),(L644-G644),"") | O644: 45674.761 | P644: =IF(AND(ISNUMBER(I644),ISNUMBER(O644)),(I644-O644),"") | Q644: WG 1017301 entered track and got secured, OBTP started on 06:10:11 finished on 06:37:43 and then left at 06:38:53
A645: 1017401 | B645: 10174 | C645: 15.74 | D645: Ebenfurth (beet loading) | E645: 45674.84 | F645: 45674.853 | G645: 45674.855 | H645: OBT200125045059-Neudörfl (FunderMax) | I645: 45677.666 | J645: 45677.723 | K645: 45677.723 | L645: 45677.725 | M645: =IF(AND(ISNUMBER(E645),ISNUMBER(G645)),(G645-E645),"") | N645: =IF(AND(ISNUMBER(G645),ISNUMBER(L645)),(L645-G645),"") | O645: 45674.858 | P645: =IF(AND(ISNUMBER(I645),ISNUMBER(O645)),(I645-O645),"") | Q645: WG 1017401 entered track and got secured then waited 9:32:32 for WG 1017601 to get coupled then waited 0:53:12 for WG 1017701 to get coupled then waited 45:50:13 for WG 1018101 to get coupled, OBTP started on 15:59:05 finished on 17:21:30 and then left at 17:23:20
A646: 1017402 | B646: 10174 | C646: 36.4 | D646: Neudörfl (FunderMax) | E646: 45674.84 | F646: 45674.855 | G646: 45674.857 | H646: OBT180125005504-Neudörfl (FunderMax) | I646: 45677.355 | J646: 45677.38 | K646: 45677.38 | L646: 45677.381 | M646: =IF(AND(ISNUMBER(E646),ISNUMBER(G646)),(G646-E646),"") | N646: =IF(AND(ISNUMBER(G646),ISNUMBER(L646)),(L646-G646),"") | O646: 45674.859 | P646: =IF(AND(ISNUMBER(I646),ISNUMBER(O646)),(I646-O646),"") | Q646: WG 1017402 entered track and got secured then waited 4:15:42 for WG 1017502 to get coupled then waited 0:02:04 for WG 1017504 to get coupled, OBTP started on 08:31:27 finished on 09:07:17 and then left at 09:08:29
A647: 1017403 | B647: 10174 | C647: 19.9 | D647: Ternitz (Schoeller-Bleckmann) | E647: 45674.84 | F647: 45674.857 | G647: 45674.859 | H647: OBT170125205009-Ternitz (Schoeller-Bleckmann) | I647: 45677.321 | J647: 45677.352 | K647: 45677.352 | L647: 45677.353 | M647: =IF(AND(ISNUMBER(E647),ISNUMBER(G647)),(G647-E647),"") | N647: =IF(AND(ISNUMBER(G647),ISNUMBER(L647)),(L647-G647),"") | O647: 45674.861 | P647: =IF(AND(ISNUMBER(I647),ISNUMBER(O647)),(I647-O647),"") | Q647: WG 1017403 entered track and got secured then waited 0:09:44 for WG 1017406 to get coupled, OBTP started on 07:42:36 finished on 08:26:33 and then left at 08:27:55
A648: 1017404 | B648: 10174 | C648: 54 | D648: Wr. Neustadt (Hödlmayr) | E648: 45674.84 | F648: 45674.859 | G648: 45674.86 | H648: OBT200125080717-Wr. Neustadt (Hödlmayr) | I648: 45677.672 | J648: 45677.696 | K648: 45677.696 | L648: 45677.697 | M648: =IF(AND(ISNUMBER(E648),ISNUMBER(G648)),(G648-E648),"") | N648: =IF(AND(ISNUMBER(G648),ISNUMBER(L648)),(L648-G648),"") | O648: 45674.863 | P648: =IF(AND(ISNUMBER(I648),ISNUMBER(O648)),(I648-O648),"") | Q648: WG 1017404 entered track and got secured then waited 10:29:28 for WG 1017706 to get coupled then waited 48:55:43 for WG 1018303 to get coupled, OBTP started on 16:08:01 finished on 16:41:46 and then left at 16:43:00
A649: 1017405 | B649: 10174 | C649: 23.24 | D649: Other sidings north | E649: 45674.84 | F649: 45674.86 | G649: 45674.862 | H649: OBT190125203024-Pitten (Hamburger) | I649: 45677.457 | J649: 45677.48 | K649: 45677.48 | L649: 45677.481 | M649: =IF(AND(ISNUMBER(E649),ISNUMBER(G649)),(G649-E649),"") | N649: =IF(AND(ISNUMBER(G649),ISNUMBER(L649)),(L649-G649),"") | O649: 45674.865 | P649: =IF(AND(ISNUMBER(I649),ISNUMBER(O649)),(I649-O649),"") | Q649: WG 1017405 entered track and got secured then waited 10:29:16 for WG 1017707 to get coupled then waited 37:15:58 for WG 1017901 to get coupled, OBTP started on 10:57:50 finished on 11:31:00 and then left at 11:32:00
A650: 1017406 | B650: 10174 | C650: 155.92 | D650: Pitten (Hamburger) | E650: 45674.84 | F650: 45674.862 | G650: 45674.865 | H650: OBT170125205009-Ternitz (Schoeller-Bleckmann) | I650: 45677.321 | J650: 45677.352 | K650: 45677.352 | L650: 45677.353 | M650: =IF(AND(ISNUMBER(E650),ISNUMBER(G650)),(G650-E650),"") | N650: =IF(AND(ISNUMBER(G650),ISNUMBER(L650)),(L650-G650),"") | O650: 45674.868 | P650: =IF(AND(ISNUMBER(I650),ISNUMBER(O650)),(I650-O650),"") | Q650: WG 1017406 entered track and got coupled to WG 1017403, OBTP started on 07:42:36 finished on 08:26:33 and then left at 08:27:55
A651: 1017407 | B651: 10174 | C651: 19.9 | D651: Felixdorf/Sollenau (Bundesheer, Maba) | E651: 45674.84 | F651: 45674.865 | G651: 45674.866 | H651: OBT220125180146-Felixdorf/Sollenau (Bundesheer, Maba) | I651: 45680.651 | J651: 45680.672 | K651: 45680.672 | L651: 45680.672 | M651: =IF(AND(ISNUMBER(E651),ISNUMBER(G651)),(G651-E651),"") | N651: =IF(AND(ISNUMBER(G651),ISNUMBER(L651)),(L651-G651),"") | O651: 45674.87 | P651: =IF(AND(ISNUMBER(I651),ISNUMBER(O651)),(I651-O651),"") | Q651: WG 1017407 entered track and got coupled to WG 1016703 then waited 66:48:34 for WG 1019101 to get coupled then waited 23:30:38 for WG 1020502 to get coupled then waited 18:47:48 for WG 1021507 to get coupled then waited 8:01:57 for WG 1021902 to get coupled, OBTP started on 15:37:07 finished on 16:06:58 and then left at 16:08:09
A652: 1017408 | B652: 10174 | C652: 19.9 | D652: Neunkirchen (loading tracks) | E652: 45674.84 | M652: =IF(AND(ISNUMBER(E652),ISNUMBER(G652)),(G652-E652),"") | N652: =IF(AND(ISNUMBER(G652),ISNUMBER(L652)),(L652-G652),"") | P652: =IF(AND(ISNUMBER(I652),ISNUMBER(O652)),(I652-O652),"")
A653: 1017501 | B653: 10175 | C653: 179.16 | D653: Pitten (Hamburger) | E653: 45675.019 | F653: 45675.029 | G653: 45675.031 | H653: OBT180125004751-Pitten (Hamburger) | I653: 45677.323 | J653: 45677.354 | K653: 45677.354 | L653: 45677.355 | M653: =IF(AND(ISNUMBER(E653),ISNUMBER(G653)),(G653-E653),"") | N653: =IF(AND(ISNUMBER(G653),ISNUMBER(L653)),(L653-G653),"") | O653: 45675.033 | P653: =IF(AND(ISNUMBER(I653),ISNUMBER(O653)),(I653-O653),"") | Q653: WG 1017501 entered track and got secured, OBTP started on 07:44:51 finished on 08:29:39 and then left at 08:31:01
A654: 1017502 | B654: 10175 | C654: 54 | D654: Neudörfl (FunderMax) | E654: 45675.019 | F654: 45675.031 | G654: 45675.033 | H654: OBT180125005504-Neudörfl (FunderMax) | I654: 45677.355 | J654: 45677.38 | K654: 45677.38 | L654: 45677.381 | M654: =IF(AND(ISNUMBER(E654),ISNUMBER(G654)),(G654-E654),"") | N654: =IF(AND(ISNUMBER(G654),ISNUMBER(L654)),(L654-G654),"") | O654: 45675.037 | P654: =IF(AND(ISNUMBER(I654),ISNUMBER(O654)),(I654-O654),"") | Q654: WG 1017502 entered track and got coupled to WG 1017402 then waited 0:02:04 for WG 1017504 to get coupled, OBTP started on 08:31:27 finished on 09:07:17 and then left at 09:08:29
A655: 1017503 | B655: 10175 | C655: 85.46 | D655: Pitten (Hamburger) | E655: 45675.019 | M655: =IF(AND(ISNUMBER(E655),ISNUMBER(G655)),(G655-E655),"") | N655: =IF(AND(ISNUMBER(G655),ISNUMBER(L655)),(L655-G655),"") | P655: =IF(AND(ISNUMBER(I655),ISNUMBER(O655)),(I655-O655),"")
A656: 1017504 | B656: 10175 | C656: 52.9 | D656: Neudörfl (FunderMax) | E656: 45675.019 | F656: 45675.033 | G656: 45675.035 | H656: OBT180125005504-Neudörfl (FunderMax) | I656: 45677.355 | J656: 45677.38 | K656: 45677.38 | L656: 45677.381 | M656: =IF(AND(ISNUMBER(E656),ISNUMBER(G656)),(G656-E656),"") | N656: =IF(AND(ISNUMBER(G656),ISNUMBER(L656)),(L656-G656),"") | O656: 45675.038 | P656: =IF(AND(ISNUMBER(I656),ISNUMBER(O656)),(I656-O656),"") | Q656: WG 1017504 entered track and got coupled to WG 1017502, OBTP started on 08:31:27 finished on 09:07:17 and then left at 09:08:29
A657: 1017601 | B657: 10176 | C657: 31.48 | D657: Ebenfurth (beet loading) | E657: 45675.24 | F657: 45675.249 | G657: 45675.251 | H657: OBT200125045059-Neudörfl (FunderMax) | I657: 45677.666 | J657: 45677.723 | K657: 45677.723 | L657: 45677.725 | M657: =IF(AND(ISNUMBER(E657),ISNUMBER(G657)),(G657-E657),"") | N657: =IF(AND(ISNUMBER(G657),ISNUMBER(L657)),(L657-G657),"") | O657: 45675.255 | P657: =IF(AND(ISNUMBER(I657),ISNUMBER(O657)),(I657-O657),"") | Q657: WG 1017601 entered track and got coupled to WG 1017401 then waited 0:53:12 for WG 1017701 to get coupled then waited 45:50:13 for WG 1018101 to get coupled, OBTP started on 15:59:05 finished on 17:21:30 and then left at 17:23:20
A658: 1017602 | B658: 10176 | C658: 93.8 | D658: Neudörfl (FunderMax) | E658: 45675.24 | F658: 45675.251 | G658: 45675.253 | H658: OBT180125071607-Neudörfl (FunderMax) | I658: 45677.387 | J658: 45677.406 | K658: 45677.406 | L658: 45677.407 | M658: =IF(AND(ISNUMBER(E658),ISNUMBER(G658)),(G658-E658),"") | N658: =IF(AND(ISNUMBER(G658),ISNUMBER(L658)),(L658-G658),"") | O658: 45675.255 | P658: =IF(AND(ISNUMBER(I658),ISNUMBER(O658)),(I658-O658),"") | Q658: WG 1017602 entered track and got secured then waited 1:09:08 for WG 1017709 to get coupled, OBTP started on 09:17:40 finished on 09:45:14 and then left at 09:46:17
A659: 1017603 | B659: 10176 | C659: 287.86 | D659: Pitten (Hamburger) | E659: 45675.24 | M659: =IF(AND(ISNUMBER(E659),ISNUMBER(G659)),(G659-E659),"") | N659: =IF(AND(ISNUMBER(G659),ISNUMBER(L659)),(L659-G659),"") | P659: =IF(AND(ISNUMBER(I659),ISNUMBER(O659)),(I659-O659),"")
A660: 1017701 | B660: 10177 | C660: 47.22 | D660: Ebenfurth (beet loading) | E660: 45675.27 | F660: 45675.287 | G660: 45675.289 | H660: OBT200125045059-Neudörfl (FunderMax) | I660: 45677.666 | J660: 45677.723 | K660: 45677.723 | L660: 45677.725 | M660: =IF(AND(ISNUMBER(E660),ISNUMBER(G660)),(G660-E660),"") | N660: =IF(AND(ISNUMBER(G660),ISNUMBER(L660)),(L660-G660),"") | O660: 45675.292 | P660: =IF(AND(ISNUMBER(I660),ISNUMBER(O660)),(I660-O660),"") | Q660: WG 1017701 entered track and got coupled to WG 1017601 then waited 45:50:13 for WG 1018101 to get coupled, OBTP started on 15:59:05 finished on 17:21:30 and then left at 17:23:20
A661: 1017702 | B661: 10177 | C661: 21 | D661: Neunkirchen (loading tracks) | E661: 45675.27 | M661: =IF(AND(ISNUMBER(E661),ISNUMBER(G661)),(G661-E661),"") | N661: =IF(AND(ISNUMBER(G661),ISNUMBER(L661)),(L661-G661),"") | P661: =IF(AND(ISNUMBER(I661),ISNUMBER(O661)),(I661-O661),"")
A662: 1017703 | B662: 10177 | C662: 31.48 | D662: Gloggnitz | E662: 45675.27 | F662: 45675.289 | G662: 45675.291 | H662: OBT190125175511-Pitten (Hamburger) | I662: 45677.409 | J662: 45677.5 | K662: 45677.5 | L662: 45677.501 | M662: =IF(AND(ISNUMBER(E662),ISNUMBER(G662)),(G662-E662),"") | N662: =IF(AND(ISNUMBER(G662),ISNUMBER(L662)),(L662-G662),"") | O662: 45675.293 | P662: =IF(AND(ISNUMBER(I662),ISNUMBER(O662)),(I662-O662),"") | Q662: WG 1017703 entered track and got secured then waited 34:53:18 for WG 1017801 to get coupled, OBTP started on 09:49:25 finished on 11:59:51 and then left at 12:02:09
A663: 1017704 | B663: 10177 | C663: 15.74 | D663: Other sidings south | E663: 45675.27 | F663: 45675.291 | G663: 45675.293 | H663: OBT200125094944-Neudörfl (FunderMax) | I663: 45678.286 | J663: 45678.31 | K663: 45678.31 | L663: 45678.311 | M663: =IF(AND(ISNUMBER(E663),ISNUMBER(G663)),(G663-E663),"") | N663: =IF(AND(ISNUMBER(G663),ISNUMBER(L663)),(L663-G663),"") | O663: 45675.295 | P663: =IF(AND(ISNUMBER(I663),ISNUMBER(O663)),(I663-O663),"") | Q663: WG 1017704 entered track and got secured then waited 43:51:50 for WG 1018003 to get coupled then waited 5:07:21 for WG 1018302 to get coupled then waited 0:18:19 for WG 1018310 to get coupled then waited 0:10:15 for WG 1018315 to get coupled then waited 1:07:15 for WG 1018605 to get coupled then waited 0:10:05 for WG 1018611 to get coupled, OBTP started on 06:51:57 finished on 07:26:00 and then left at 07:27:14
A664: 1017705 | B664: 10177 | C664: 19.9 | D664: Ternitz (Schoeller-Bleckmann) | E664: 45675.27 | F664: 45675.293 | G664: 45675.294 | H664: OBT200125093149-Wr. Neustadt (Hödlmayr) | I664: 45678.141 | J664: 45678.164 | K664: 45678.164 | L664: 45678.165 | M664: =IF(AND(ISNUMBER(E664),ISNUMBER(G664)),(G664-E664),"") | N664: =IF(AND(ISNUMBER(G664),ISNUMBER(L664)),(L664-G664),"") | O664: 45675.297 | P664: =IF(AND(ISNUMBER(I664),ISNUMBER(O664)),(I664-O664),"") | Q664: WG 1017705 entered track and got secured then waited 43:44:17 for WG 1018001 to get coupled then waited 6:40:01 for WG 1018603 to get coupled, OBTP started on 03:22:34 finished on 03:56:19 and then left at 03:57:33
A665: 1017706 | B665: 10177 | C665: 27 | D665: Wr. Neustadt (Hödlmayr) | E665: 45675.27 | F665: 45675.294 | G665: 45675.296 | H665: OBT200125080717-Wr. Neustadt (Hödlmayr) | I665: 45677.672 | J665: 45677.696 | K665: 45677.696 | L665: 45677.697 | M665: =IF(AND(ISNUMBER(E665),ISNUMBER(G665)),(G665-E665),"") | N665: =IF(AND(ISNUMBER(G665),ISNUMBER(L665)),(L665-G665),"") | O665: 45675.3 | P665: =IF(AND(ISNUMBER(I665),ISNUMBER(O665)),(I665-O665),"") | Q665: WG 1017706 entered track and got coupled to WG 1017404 then waited 48:55:43 for WG 1018303 to get coupled, OBTP started on 16:08:01 finished on 16:41:46 and then left at 16:43:00
A666: 1017707 | B666: 10177 | C666: 38.98 | D666: Other sidings north | E666: 45675.27 | F666: 45675.296 | G666: 45675.298 | H666: OBT190125203024-Pitten (Hamburger) | I666: 45677.457 | J666: 45677.48 | K666: 45677.48 | L666: 45677.481 | M666: =IF(AND(ISNUMBER(E666),ISNUMBER(G666)),(G666-E666),"") | N666: =IF(AND(ISNUMBER(G666),ISNUMBER(L666)),(L666-G666),"") | O666: 45675.302 | P666: =IF(AND(ISNUMBER(I666),ISNUMBER(O666)),(I666-O666),"") | Q666: WG 1017707 entered track and got coupled to WG 1017405 then waited 37:15:58 for WG 1017901 to get coupled, OBTP started on 10:57:50 finished on 11:31:00 and then left at 11:32:00
A667: 1017708 | B667: 10177 | C667: 15.74 | D667: Pitten (Hamburger) | E667: 45675.27 | M667: =IF(AND(ISNUMBER(E667),ISNUMBER(G667)),(G667-E667),"") | N667: =IF(AND(ISNUMBER(G667),ISNUMBER(L667)),(L667-G667),"") | P667: =IF(AND(ISNUMBER(I667),ISNUMBER(O667)),(I667-O667),"")
A668: 1017709 | B668: 10177 | C668: 16.5 | D668: Neudörfl (FunderMax) | E668: 45675.27 | F668: 45675.298 | G668: 45675.299 | H668: OBT180125071607-Neudörfl (FunderMax) | I668: 45677.387 | J668: 45677.406 | K668: 45677.406 | L668: 45677.407 | M668: =IF(AND(ISNUMBER(E668),ISNUMBER(G668)),(G668-E668),"") | N668: =IF(AND(ISNUMBER(G668),ISNUMBER(L668)),(L668-G668),"") | O668: 45675.303 | P668: =IF(AND(ISNUMBER(I668),ISNUMBER(O668)),(I668-O668),"") | Q668: WG 1017709 entered track and got coupled to WG 1017602, OBTP started on 09:17:40 finished on 09:45:14 and then left at 09:46:17
A669: 1017710 | B669: 10177 | C669: 23.24 | D669: Pitten (Hamburger) | E669: 45675.27 | M669: =IF(AND(ISNUMBER(E669),ISNUMBER(G669)),(G669-E669),"") | N669: =IF(AND(ISNUMBER(G669),ISNUMBER(L669)),(L669-G669),"") | P669: =IF(AND(ISNUMBER(I669),ISNUMBER(O669)),(I669-O669),"")
A670: 1017801 | B670: 10178 | C670: 521.74 | D670: Pitten (Hamburger) | E670: 45676.732 | F670: 45676.741 | G670: 45676.744 | H670: OBT190125175511-Pitten (Hamburger) | I670: 45677.409 | J670: 45677.5 | K670: 45677.5 | L670: 45677.501 | M670: =IF(AND(ISNUMBER(E670),ISNUMBER(G670)),(G670-E670),"") | N670: =IF(AND(ISNUMBER(G670),ISNUMBER(L670)),(L670-G670),"") | O670: 45676.747 | P670: =IF(AND(ISNUMBER(I670),ISNUMBER(O670)),(I670-O670),"") | Q670: WG 1017801 entered track and got secured, OBTP started on 09:49:25 finished on 11:59:51 and then left at 12:02:09
A671: 1017802 | B671: 10178 | C671: 70.5 | D671: Neudörfl (FunderMax) | E671: 45676.732 | F671: 45676.744 | G671: 45676.746 | H671: OBT190125203519-Neudörfl (FunderMax) | I671: 45677.541 | J671: 45677.56 | K671: 45677.56 | L671: 45677.561 | M671: =IF(AND(ISNUMBER(E671),ISNUMBER(G671)),(G671-E671),"") | N671: =IF(AND(ISNUMBER(G671),ISNUMBER(L671)),(L671-G671),"") | O671: 45676.749 | P671: =IF(AND(ISNUMBER(I671),ISNUMBER(O671)),(I671-O671),"") | Q671: WG 1017802 entered track and got secured then waited 2:37:22 for WG 1017902 to get coupled, OBTP started on 12:58:55 finished on 13:25:55 and then left at 13:27:08
A672: 1017901 | B672: 10179 | C672: 132.68 | D672: Pitten (Hamburger) | E672: 45676.844 | F672: 45676.85 | G672: 45676.852 | H672: OBT190125203024-Pitten (Hamburger) | I672: 45677.457 | J672: 45677.48 | K672: 45677.48 | L672: 45677.481 | M672: =IF(AND(ISNUMBER(E672),ISNUMBER(G672)),(G672-E672),"") | N672: =IF(AND(ISNUMBER(G672),ISNUMBER(L672)),(L672-G672),"") | O672: 45676.854 | P672: =IF(AND(ISNUMBER(I672),ISNUMBER(O672)),(I672-O672),"") | Q672: WG 1017901 entered track and got secured, OBTP started on 10:57:50 finished on 11:31:00 and then left at 11:32:00
A673: 1017902 | B673: 10179 | C673: 37.5 | D673: Neudörfl (FunderMax) | E673: 45676.844 | F673: 45676.852 | G673: 45676.854 | H673: OBT190125203519-Neudörfl (FunderMax) | I673: 45677.541 | J673: 45677.56 | K673: 45677.56 | L673: 45677.561 | M673: =IF(AND(ISNUMBER(E673),ISNUMBER(G673)),(G673-E673),"") | N673: =IF(AND(ISNUMBER(G673),ISNUMBER(L673)),(L673-G673),"") | O673: 45676.858 | P673: =IF(AND(ISNUMBER(I673),ISNUMBER(O673)),(I673-O673),"") | Q673: WG 1017902 entered track and got coupled to WG 1017802, OBTP started on 12:58:55 finished on 13:25:55 and then left at 13:27:08
A674: 1018001 | B674: 10180 | C674: 12.04 | D674: Ternitz (Schoeller-Bleckmann) | E674: 45677.105 | F674: 45677.113 | G674: 45677.115 | H674: OBT200125093149-Wr. Neustadt (Hödlmayr) | I674: 45678.141 | J674: 45678.164 | K674: 45678.164 | L674: 45678.165 | M674: =IF(AND(ISNUMBER(E674),ISNUMBER(G674)),(G674-E674),"") | N674: =IF(AND(ISNUMBER(G674),ISNUMBER(L674)),(L674-G674),"") | O674: 45677.119 | P674: =IF(AND(ISNUMBER(I674),ISNUMBER(O674)),(I674-O674),"") | Q674: WG 1018001 entered track and got coupled to WG 1017705 then waited 6:40:01 for WG 1018603 to get coupled, OBTP started on 03:22:34 finished on 03:56:19 and then left at 03:57:33
A675: 1018002 | B675: 10180 | C675: 165.8 | D675: Neunkirchen (loading tracks) | E675: 45677.105 | F675: 45677.115 | G675: 45677.117 | H675: OBT200125025157-Neunkirchen (loading tracks) | I675: 45677.613 | J675: 45677.641 | K675: 45677.641 | L675: 45677.642 | M675: =IF(AND(ISNUMBER(E675),ISNUMBER(G675)),(G675-E675),"") | N675: =IF(AND(ISNUMBER(G675),ISNUMBER(L675)),(L675-G675),"") | O675: 45677.119 | P675: =IF(AND(ISNUMBER(I675),ISNUMBER(O675)),(I675-O675),"") | Q675: WG 1018002 entered track and got secured, OBTP started on 14:42:14 finished on 15:23:41 and then left at 15:24:51
A676: 1018003 | B676: 10180 | C676: 35.64 | D676: Other sidings south | E676: 45677.105 | F676: 45677.117 | G676: 45677.119 | H676: OBT200125094944-Neudörfl (FunderMax) | I676: 45678.286 | J676: 45678.31 | K676: 45678.31 | L676: 45678.311 | M676: =IF(AND(ISNUMBER(E676),ISNUMBER(G676)),(G676-E676),"") | N676: =IF(AND(ISNUMBER(G676),ISNUMBER(L676)),(L676-G676),"") | O676: 45677.123 | P676: =IF(AND(ISNUMBER(I676),ISNUMBER(O676)),(I676-O676),"") | Q676: WG 1018003 entered track and got coupled to WG 1017704 then waited 5:07:21 for WG 1018302 to get coupled then waited 0:18:19 for WG 1018310 to get coupled then waited 0:10:15 for WG 1018315 to get coupled then waited 1:07:15 for WG 1018605 to get coupled then waited 0:10:05 for WG 1018611 to get coupled, OBTP started on 06:51:57 finished on 07:26:00 and then left at 07:27:14
A677: 1018004 | B677: 10180 | C677: 47.22 | D677: Gloggnitz | E677: 45677.105 | F677: 45677.119 | G677: 45677.121 | H677: OBT200125125954-Wien Kledering | I677: 45678.341 | J677: 45678.359 | K677: 45678.359 | L677: 45678.359 | M677: =IF(AND(ISNUMBER(E677),ISNUMBER(G677)),(G677-E677),"") | N677: =IF(AND(ISNUMBER(G677),ISNUMBER(L677)),(L677-G677),"") | O677: 45677.123 | P677: =IF(AND(ISNUMBER(I677),ISNUMBER(O677)),(I677-O677),"") | Q677: WG 1018004 entered track and got secured then waited 5:20:03 for WG 1018308 to get coupled then waited 1:18:31 for WG 1018604 to get coupled then waited 3:23:39 for WG 1018901 to get coupled, OBTP started on 08:10:22 finished on 08:36:36 and then left at 08:37:31
A678: 1018101 | B678: 10181 | C678: 329.7 | D678: Neudörfl (FunderMax) | E678: 45677.19 | F678: 45677.197 | G678: 45677.2 | H678: OBT200125045059-Neudörfl (FunderMax) | I678: 45677.666 | J678: 45677.723 | K678: 45677.723 | L678: 45677.725 | M678: =IF(AND(ISNUMBER(E678),ISNUMBER(G678)),(G678-E678),"") | N678: =IF(AND(ISNUMBER(G678),ISNUMBER(L678)),(L678-G678),"") | O678: 45677.202 | P678: =IF(AND(ISNUMBER(I678),ISNUMBER(O678)),(I678-O678),"") | Q678: WG 1018101 entered track and got secured, OBTP started on 15:59:05 finished on 17:21:30 and then left at 17:23:20
A679: 1018201 | B679: 10182 | C679: 293.44 | D679: Wien Kledering | E679: 45677.249 | M679: =IF(AND(ISNUMBER(E679),ISNUMBER(G679)),(G679-E679),"") | N679: =IF(AND(ISNUMBER(G679),ISNUMBER(L679)),(L679-G679),"") | P679: =IF(AND(ISNUMBER(I679),ISNUMBER(O679)),(I679-O679),"")
A680: 1018301 | B680: 10183 | C680: 102.8 | D680: Neunkirchen (loading tracks) | E680: 45677.305 | F680: 45677.331 | G680: 45677.332 | H680: OBT200125080054-Neunkirchen (loading tracks) | I680: 45677.668 | J680: 45677.685 | K680: 45677.685 | L680: 45677.686 | M680: =IF(AND(ISNUMBER(E680),ISNUMBER(G680)),(G680-E680),"") | N680: =IF(AND(ISNUMBER(G680),ISNUMBER(L680)),(L680-G680),"") | O680: 45677.334 | P680: =IF(AND(ISNUMBER(I680),ISNUMBER(O680)),(I680-O680),"") | Q680: WG 1018301 entered track and got secured, OBTP started on 16:01:18 finished on 16:27:00 and then left at 16:28:00
A681: 1018302 | B681: 10183 | C681: 19.9 | D681: Neudörfl (FunderMax) | E681: 45677.305 | F681: 45677.332 | G681: 45677.334 | H681: OBT200125094944-Neudörfl (FunderMax) | I681: 45678.286 | J681: 45678.31 | K681: 45678.31 | L681: 45678.311 | M681: =IF(AND(ISNUMBER(E681),ISNUMBER(G681)),(G681-E681),"") | N681: =IF(AND(ISNUMBER(G681),ISNUMBER(L681)),(L681-G681),"") | O681: 45677.336 | P681: =IF(AND(ISNUMBER(I681),ISNUMBER(O681)),(I681-O681),"") | Q681: WG 1018302 entered track and got secured then waited 0:18:19 for WG 1018310 to get coupled then waited 0:10:15 for WG 1018315 to get coupled then waited 1:07:15 for WG 1018605 to get coupled then waited 0:10:05 for WG 1018611 to get coupled, OBTP started on 06:51:57 finished on 07:26:00 and then left at 07:27:14
A682: 1018303 | B682: 10183 | C682: 54 | D682: Wr. Neustadt (Hödlmayr) | E682: 45677.305 | F682: 45677.334 | G682: 45677.335 | H682: OBT200125080717-Wr. Neustadt (Hödlmayr) | I682: 45677.672 | J682: 45677.696 | K682: 45677.696 | L682: 45677.697 | M682: =IF(AND(ISNUMBER(E682),ISNUMBER(G682)),(G682-E682),"") | N682: =IF(AND(ISNUMBER(G682),ISNUMBER(L682)),(L682-G682),"") | O682: 45677.338 | P682: =IF(AND(ISNUMBER(I682),ISNUMBER(O682)),(I682-O682),"") | Q682: WG 1018303 entered track and got coupled to WG 1017706, OBTP started on 16:08:01 finished on 16:41:46 and then left at 16:43:00
A683: 1018304 | B683: 10183 | C683: 15.74 | D683: Other sidings local | E683: 45677.305 | F683: 45677.335 | G683: 45677.336 | H683: OBT220125073335-Other sidings local | I683: 45680.307 | J683: 45680.325 | K683: 45680.326 | L683: 45680.327 | M683: =IF(AND(ISNUMBER(E683),ISNUMBER(G683)),(G683-E683),"") | N683: =IF(AND(ISNUMBER(G683),ISNUMBER(L683)),(L683-G683),"") | O683: 45677.341 | P683: =IF(AND(ISNUMBER(I683),ISNUMBER(O683)),(I683-O683),"") | Q683: WG 1018304 entered track and got coupled to WG 1016701 then waited 23:45:54 for WG 1019805 to get coupled then waited 0:05:22 for WG 1019808 to get coupled then waited 7:25:36 for WG 1020508 to get coupled then waited 16:06:03 for WG 1021105 to get coupled, OBTP started on 07:21:22 finished on 07:48:06 and then left at 07:50:14
A684: 1018305 | B684: 10183 | C684: 31.48 | D684: Ebenfurth (beet loading) | E684: 45677.305 | F684: 45677.336 | G684: 45677.338 | H684: OBT200125212137-Wien Kledering | I684: 45678.642 | J684: 45678.711 | K684: 45678.711 | L684: 45678.712 | M684: =IF(AND(ISNUMBER(E684),ISNUMBER(G684)),(G684-E684),"") | N684: =IF(AND(ISNUMBER(G684),ISNUMBER(L684)),(L684-G684),"") | O684: 45677.341 | P684: =IF(AND(ISNUMBER(I684),ISNUMBER(O684)),(I684-O684),"") | Q684: WG 1018305 entered track and got secured then waited 0:17:28 for WG 1018314 to get coupled then waited 1:01:49 for WG 1018602 to get coupled then waited 11:50:49 for WG 1019501 to get coupled, OBTP started on 15:24:19 finished on 17:03:49 and then left at 17:05:52
A685: 1018306 | B685: 10183 | C685: 31.48 | D685: Other sidings north | E685: 45677.305 | F685: 45677.338 | G685: 45677.34 | H685: OBT210125032545-Neunkirchen (loading tracks) | I685: 45678.647 | J685: 45678.699 | K685: 45678.699 | L685: 45678.7 | M685: =IF(AND(ISNUMBER(E685),ISNUMBER(G685)),(G685-E685),"") | N685: =IF(AND(ISNUMBER(G685),ISNUMBER(L685)),(L685-G685),"") | O685: 45677.344 | P685: =IF(AND(ISNUMBER(I685),ISNUMBER(O685)),(I685-O685),"") | Q685: WG 1018306 entered track and got secured then waited 1:27:09 for WG 1018607 to get coupled then waited 6:02:17 for WG 1019103 to get coupled then waited 0:14:50 for WG 1019109 to get coupled then waited 11:18:15 for WG 1019602 to get coupled then waited 0:07:56 for WG 1019605 to get coupled, OBTP started on 15:32:13 finished on 16:46:08 and then left at 16:47:40
A686: 1018307 | B686: 10183 | C686: 135 | D686: Wr. Neustadt (Hödlmayr) | E686: 45677.305 | M686: =IF(AND(ISNUMBER(E686),ISNUMBER(G686)),(G686-E686),"") | N686: =IF(AND(ISNUMBER(G686),ISNUMBER(L686)),(L686-G686),"") | P686: =IF(AND(ISNUMBER(I686),ISNUMBER(O686)),(I686-O686),"")
A687: 1018308 | B687: 10183 | C687: 15.74 | D687: Gloggnitz | E687: 45677.305 | F687: 45677.34 | G687: 45677.342 | H687: OBT200125125954-Wien Kledering | I687: 45678.341 | J687: 45678.359 | K687: 45678.359 | L687: 45678.359 | M687: =IF(AND(ISNUMBER(E687),ISNUMBER(G687)),(G687-E687),"") | N687: =IF(AND(ISNUMBER(G687),ISNUMBER(L687)),(L687-G687),"") | O687: 45677.346 | P687: =IF(AND(ISNUMBER(I687),ISNUMBER(O687)),(I687-O687),"") | Q687: WG 1018308 entered track and got coupled to WG 1018004 then waited 1:18:31 for WG 1018604 to get coupled then waited 3:23:39 for WG 1018901 to get coupled, OBTP started on 08:10:22 finished on 08:36:36 and then left at 08:37:31
A688: 1018309 | B688: 10183 | C688: 23.24 | D688: Pitten (Hamburger) | E688: 45677.305 | M688: =IF(AND(ISNUMBER(E688),ISNUMBER(G688)),(G688-E688),"") | N688: =IF(AND(ISNUMBER(G688),ISNUMBER(L688)),(L688-G688),"") | P688: =IF(AND(ISNUMBER(I688),ISNUMBER(O688)),(I688-O688),"")
A689: 1018310 | B689: 10183 | C689: 21 | D689: Neudörfl (FunderMax) | E689: 45677.305 | F689: 45677.342 | G689: 45677.344 | H689: OBT200125094944-Neudörfl (FunderMax) | I689: 45678.286 | J689: 45678.31 | K689: 45678.31 | L689: 45678.311 | M689: =IF(AND(ISNUMBER(E689),ISNUMBER(G689)),(G689-E689),"") | N689: =IF(AND(ISNUMBER(G689),ISNUMBER(L689)),(L689-G689),"") | O689: 45677.349 | P689: =IF(AND(ISNUMBER(I689),ISNUMBER(O689)),(I689-O689),"") | Q689: WG 1018310 entered track and got coupled to WG 1018302 then waited 0:10:15 for WG 1018315 to get coupled then waited 1:07:15 for WG 1018605 to get coupled then waited 0:10:05 for WG 1018611 to get coupled, OBTP started on 06:51:57 finished on 07:26:00 and then left at 07:27:14
A690: 1018311 | B690: 10183 | C690: 31.48 | D690: Steinabrückl/Wöllersdorf | E690: 45677.305 | F690: 45677.344 | G690: 45677.345 | H690: OBT200125155402-Pitten (Hamburger) | I690: 45678.402 | J690: 45678.426 | K690: 45678.426 | L690: 45678.427 | M690: =IF(AND(ISNUMBER(E690),ISNUMBER(G690)),(G690-E690),"") | N690: =IF(AND(ISNUMBER(G690),ISNUMBER(L690)),(L690-G690),"") | O690: 45677.349 | P690: =IF(AND(ISNUMBER(I690),ISNUMBER(O690)),(I690-O690),"") | Q690: WG 1018311 entered track and got secured then waited 1:03:38 for WG 1018601 to get coupled then waited 0:21:15 for WG 1018610 to get coupled then waited 6:04:29 for WG 1019106 to get coupled then waited 0:02:43 for WG 1019107 to get coupled, OBTP started on 09:38:46 finished on 10:13:49 and then left at 10:15:03
A691: 1018312 | B691: 10183 | C691: 23.24 | D691: Pitten (Hamburger) | E691: 45677.305 | M691: =IF(AND(ISNUMBER(E691),ISNUMBER(G691)),(G691-E691),"") | N691: =IF(AND(ISNUMBER(G691),ISNUMBER(L691)),(L691-G691),"") | P691: =IF(AND(ISNUMBER(I691),ISNUMBER(O691)),(I691-O691),"")
A692: 1018313 | B692: 10183 | C692: 15.74 | D692: Obereggendorf (Hofer) | E692: 45677.305 | F692: 45677.345 | G692: 45677.347 | H692: OBT200125144313-Wien Kledering | I692: 45678.388 | J692: 45678.456 | K692: 45678.456 | L692: 45678.457 | M692: =IF(AND(ISNUMBER(E692),ISNUMBER(G692)),(G692-E692),"") | N692: =IF(AND(ISNUMBER(G692),ISNUMBER(L692)),(L692-G692),"") | O692: 45677.352 | P692: =IF(AND(ISNUMBER(I692),ISNUMBER(O692)),(I692-O692),"") | Q692: WG 1018313 entered track and got secured then waited 6:17:02 for WG 1019001 to get coupled, OBTP started on 09:18:43 finished on 10:55:59 and then left at 10:58:08
A693: 1018314 | B693: 10183 | C693: 15.74 | D693: Ebenfurth (beet loading) | E693: 45677.305 | F693: 45677.347 | G693: 45677.349 | H693: OBT200125212137-Wien Kledering | I693: 45678.642 | J693: 45678.711 | K693: 45678.711 | L693: 45678.712 | M693: =IF(AND(ISNUMBER(E693),ISNUMBER(G693)),(G693-E693),"") | N693: =IF(AND(ISNUMBER(G693),ISNUMBER(L693)),(L693-G693),"") | O693: 45677.353 | P693: =IF(AND(ISNUMBER(I693),ISNUMBER(O693)),(I693-O693),"") | Q693: WG 1018314 entered track and got coupled to WG 1018305 then waited 1:01:49 for WG 1018602 to get coupled then waited 11:50:49 for WG 1019501 to get coupled, OBTP started on 15:24:19 finished on 17:03:49 and then left at 17:05:52
A694: 1018315 | B694: 10183 | C694: 15.74 | D694: Other sidings south | E694: 45677.305 | F694: 45677.349 | G694: 45677.351 | H694: OBT200125094944-Neudörfl (FunderMax) | I694: 45678.286 | J694: 45678.31 | K694: 45678.31 | L694: 45678.311 | M694: =IF(AND(ISNUMBER(E694),ISNUMBER(G694)),(G694-E694),"") | N694: =IF(AND(ISNUMBER(G694),ISNUMBER(L694)),(L694-G694),"") | O694: 45677.356 | P694: =IF(AND(ISNUMBER(I694),ISNUMBER(O694)),(I694-O694),"") | Q694: WG 1018315 entered track and got coupled to WG 1018310 then waited 1:07:15 for WG 1018605 to get coupled then waited 0:10:05 for WG 1018611 to get coupled, OBTP started on 06:51:57 finished on 07:26:00 and then left at 07:27:14
A695: 1018316 | B695: 10183 | C695: 42 | D695: Wr. Neustadt (Brenntag) | E695: 45677.305 | F695: 45677.351 | G695: 45677.352 | H695: OBT200125083327-Wr. Neustadt (Brenntag) | I695: 45677.72 | J695: 45677.742 | K695: 45677.742 | L695: 45677.743 | M695: =IF(AND(ISNUMBER(E695),ISNUMBER(G695)),(G695-E695),"") | N695: =IF(AND(ISNUMBER(G695),ISNUMBER(L695)),(L695-G695),"") | O695: 45677.357 | P695: =IF(AND(ISNUMBER(I695),ISNUMBER(O695)),(I695-O695),"") | Q695: WG 1018316 entered track and got coupled to WG 1016706, OBTP started on 17:16:44 finished on 17:48:14 and then left at 17:49:21
A696: 1018401 | B696: 10184 | C696: 380.82 | D696: Wien Kledering | E696: 45677.312 | M696: =IF(AND(ISNUMBER(E696),ISNUMBER(G696)),(G696-E696),"") | N696: =IF(AND(ISNUMBER(G696),ISNUMBER(L696)),(L696-G696),"") | P696: =IF(AND(ISNUMBER(I696),ISNUMBER(O696)),(I696-O696),"")
A697: 1018501 | B697: 10185 | C697: 330.78 | D697: Wien Kledering | E697: 45677.315 | M697: =IF(AND(ISNUMBER(E697),ISNUMBER(G697)),(G697-E697),"") | N697: =IF(AND(ISNUMBER(G697),ISNUMBER(L697)),(L697-G697),"") | P697: =IF(AND(ISNUMBER(I697),ISNUMBER(O697)),(I697-O697),"")
A698: 1018601 | B698: 10186 | C698: 46.48 | D698: Pitten (Hamburger) | E698: 45677.367 | F698: 45677.389 | G698: 45677.39 | H698: OBT200125155402-Pitten (Hamburger) | I698: 45678.402 | J698: 45678.426 | K698: 45678.426 | L698: 45678.427 | M698: =IF(AND(ISNUMBER(E698),ISNUMBER(G698)),(G698-E698),"") | N698: =IF(AND(ISNUMBER(G698),ISNUMBER(L698)),(L698-G698),"") | O698: 45677.393 | P698: =IF(AND(ISNUMBER(I698),ISNUMBER(O698)),(I698-O698),"") | Q698: WG 1018601 entered track and got secured then waited 0:21:15 for WG 1018610 to get coupled then waited 6:04:29 for WG 1019106 to get coupled then waited 0:02:43 for WG 1019107 to get coupled, OBTP started on 09:38:46 finished on 10:13:49 and then left at 10:15:03
A699: 1018602 | B699: 10186 | C699: 47.22 | D699: Ebenfurth (beet loading) | E699: 45677.367 | F699: 45677.39 | G699: 45677.392 | H699: OBT200125212137-Wien Kledering | I699: 45678.642 | J699: 45678.711 | K699: 45678.711 | L699: 45678.712 | M699: =IF(AND(ISNUMBER(E699),ISNUMBER(G699)),(G699-E699),"") | N699: =IF(AND(ISNUMBER(G699),ISNUMBER(L699)),(L699-G699),"") | O699: 45677.396 | P699: =IF(AND(ISNUMBER(I699),ISNUMBER(O699)),(I699-O699),"") | Q699: WG 1018602 entered track and got coupled to WG 1018314 then waited 11:50:49 for WG 1019501 to get coupled, OBTP started on 15:24:19 finished on 17:03:49 and then left at 17:05:52
A700: 1018603 | B700: 10186 | C700: 135 | D700: Wr. Neustadt (Hödlmayr) | E700: 45677.367 | F700: 45677.392 | G700: 45677.395 | H700: OBT200125093149-Wr. Neustadt (Hödlmayr) | I700: 45678.141 | J700: 45678.164 | K700: 45678.164 | L700: 45678.165 | M700: =IF(AND(ISNUMBER(E700),ISNUMBER(G700)),(G700-E700),"") | N700: =IF(AND(ISNUMBER(G700),ISNUMBER(L700)),(L700-G700),"") | O700: 45677.397 | P700: =IF(AND(ISNUMBER(I700),ISNUMBER(O700)),(I700-O700),"") | Q700: WG 1018603 entered track and got secured, OBTP started on 03:22:34 finished on 03:56:19 and then left at 03:57:33
A701: 1018604 | B701: 10186 | C701: 15.74 | D701: Gloggnitz | E701: 45677.367 | F701: 45677.395 | G701: 45677.397 | H701: OBT200125125954-Wien Kledering | I701: 45678.341 | J701: 45678.359 | K701: 45678.359 | L701: 45678.359 | M701: =IF(AND(ISNUMBER(E701),ISNUMBER(G701)),(G701-E701),"") | N701: =IF(AND(ISNUMBER(G701),ISNUMBER(L701)),(L701-G701),"") | O701: 45677.4 | P701: =IF(AND(ISNUMBER(I701),ISNUMBER(O701)),(I701-O701),"") | Q701: WG 1018604 entered track and got coupled to WG 1018308 then waited 3:23:39 for WG 1018901 to get coupled, OBTP started on 08:10:22 finished on 08:36:36 and then left at 08:37:31
A702: 1018605 | B702: 10186 | C702: 36.4 | D702: Neudörfl (FunderMax) | E702: 45677.367 | F702: 45677.397 | G702: 45677.399 | H702: OBT200125094944-Neudörfl (FunderMax) | I702: 45678.286 | J702: 45678.31 | K702: 45678.31 | L702: 45678.311 | M702: =IF(AND(ISNUMBER(E702),ISNUMBER(G702)),(G702-E702),"") | N702: =IF(AND(ISNUMBER(G702),ISNUMBER(L702)),(L702-G702),"") | O702: 45677.403 | P702: =IF(AND(ISNUMBER(I702),ISNUMBER(O702)),(I702-O702),"") | Q702: WG 1018605 entered track and got coupled to WG 1018315 then waited 0:10:05 for WG 1018611 to get coupled, OBTP started on 06:51:57 finished on 07:26:00 and then left at 07:27:14
A703: 1018606 | B703: 10186 | C703: 42 | D703: Neunkirchen (loading tracks) | E703: 45677.367 | M703: =IF(AND(ISNUMBER(E703),ISNUMBER(G703)),(G703-E703),"") | N703: =IF(AND(ISNUMBER(G703),ISNUMBER(L703)),(L703-G703),"") | P703: =IF(AND(ISNUMBER(I703),ISNUMBER(O703)),(I703-O703),"")
A704: 1018607 | B704: 10186 | C704: 31.48 | D704: Other sidings north | E704: 45677.367 | F704: 45677.399 | G704: 45677.401 | H704: OBT210125032545-Neunkirchen (loading tracks) | I704: 45678.647 | J704: 45678.699 | K704: 45678.699 | L704: 45678.7 | M704: =IF(AND(ISNUMBER(E704),ISNUMBER(G704)),(G704-E704),"") | N704: =IF(AND(ISNUMBER(G704),ISNUMBER(L704)),(L704-G704),"") | O704: 45677.404 | P704: =IF(AND(ISNUMBER(I704),ISNUMBER(O704)),(I704-O704),"") | Q704: WG 1018607 entered track and got coupled to WG 1018306 then waited 6:02:17 for WG 1019103 to get coupled then waited 0:14:50 for WG 1019109 to get coupled then waited 11:18:15 for WG 1019602 to get coupled then waited 0:07:56 for WG 1019605 to get coupled, OBTP started on 15:32:13 finished on 16:46:08 and then left at 16:47:40
A705: 1018608 | B705: 10186 | C705: 19.9 | D705: Wr. Neustadt Ausfahrbf (Furtenbach) | E705: 45677.367 | F705: 45677.401 | G705: 45677.402 | H705: OBT220125180607-Wr. Neustadt Ausfahrbf (Furtenbach) | I705: 45680.673 | J705: 45680.701 | K705: 45680.701 | L705: 45680.702 | M705: =IF(AND(ISNUMBER(E705),ISNUMBER(G705)),(G705-E705),"") | N705: =IF(AND(ISNUMBER(G705),ISNUMBER(L705)),(L705-G705),"") | O705: 45677.404 | P705: =IF(AND(ISNUMBER(I705),ISNUMBER(O705)),(I705-O705),"") | Q705: WG 1018608 entered track and got secured then waited 6:04:50 for WG 1019105 to get coupled then waited 16:01:31 for WG 1019802 to get coupled then waited 1:36:52 for WG 1020101 to get coupled then waited 32:41:07 for WG 1021904 to get coupled, OBTP started on 16:09:28 finished on 16:49:16 and then left at 16:50:25
A706: 1018609 | B706: 10186 | C706: 28 | D706: Wr. Neustadt (Brenntag) | E706: 45677.367 | M706: =IF(AND(ISNUMBER(E706),ISNUMBER(G706)),(G706-E706),"") | N706: =IF(AND(ISNUMBER(G706),ISNUMBER(L706)),(L706-G706),"") | P706: =IF(AND(ISNUMBER(I706),ISNUMBER(O706)),(I706-O706),"")
A707: 1018610 | B707: 10186 | C707: 15.74 | D707: Steinabrückl/Wöllersdorf | E707: 45677.367 | F707: 45677.402 | G707: 45677.404 | H707: OBT200125155402-Pitten (Hamburger) | I707: 45678.402 | J707: 45678.426 | K707: 45678.426 | L707: 45678.427 | M707: =IF(AND(ISNUMBER(E707),ISNUMBER(G707)),(G707-E707),"") | N707: =IF(AND(ISNUMBER(G707),ISNUMBER(L707)),(L707-G707),"") | O707: 45677.408 | P707: =IF(AND(ISNUMBER(I707),ISNUMBER(O707)),(I707-O707),"") | Q707: WG 1018610 entered track and got coupled to WG 1018601 then waited 6:04:29 for WG 1019106 to get coupled then waited 0:02:43 for WG 1019107 to get coupled, OBTP started on 09:38:46 finished on 10:13:49 and then left at 10:15:03
A708: 1018611 | B708: 10186 | C708: 43.14 | D708: Other sidings south | E708: 45677.367 | F708: 45677.404 | G708: 45677.406 | H708: OBT200125094944-Neudörfl (FunderMax) | I708: 45678.286 | J708: 45678.31 | K708: 45678.31 | L708: 45678.311 | M708: =IF(AND(ISNUMBER(E708),ISNUMBER(G708)),(G708-E708),"") | N708: =IF(AND(ISNUMBER(G708),ISNUMBER(L708)),(L708-G708),"") | O708: 45677.41 | P708: =IF(AND(ISNUMBER(I708),ISNUMBER(O708)),(I708-O708),"") | Q708: WG 1018611 entered track and got coupled to WG 1018605, OBTP started on 06:51:57 finished on 07:26:00 and then left at 07:27:14
A709: 1018612 | B709: 10186 | C709: 19.9 | D709: Ternitz (Schoeller-Bleckmann) | E709: 45677.367 | F709: 45677.406 | G709: 45677.408 | H709: OBT210125075153-Pitten (Hamburger) | I709: 45679.123 | J709: 45679.143 | K709: 45679.143 | L709: 45679.144 | M709: =IF(AND(ISNUMBER(E709),ISNUMBER(G709)),(G709-E709),"") | N709: =IF(AND(ISNUMBER(G709),ISNUMBER(L709)),(L709-G709),"") | O709: 45677.41 | P709: =IF(AND(ISNUMBER(I709),ISNUMBER(O709)),(I709-O709),"") | Q709: WG 1018612 entered track and got secured then waited 17:32:03 for WG 1019604 to get coupled then waited 4:29:31 for WG 1019804 to get coupled, OBTP started on 02:57:08 finished on 03:26:22 and then left at 03:27:32
A710: 1018613 | B710: 10186 | C710: 39.8 | D710: Neunkirchen (loading tracks) | E710: 45677.367 | M710: =IF(AND(ISNUMBER(E710),ISNUMBER(G710)),(G710-E710),"") | N710: =IF(AND(ISNUMBER(G710),ISNUMBER(L710)),(L710-G710),"") | P710: =IF(AND(ISNUMBER(I710),ISNUMBER(O710)),(I710-O710),"")
A711: 1018701 | B711: 10187 | C711: 240.8 | D711: Wien Kledering | E711: 45677.376 | M711: =IF(AND(ISNUMBER(E711),ISNUMBER(G711)),(G711-E711),"") | N711: =IF(AND(ISNUMBER(G711),ISNUMBER(L711)),(L711-G711),"") | P711: =IF(AND(ISNUMBER(I711),ISNUMBER(O711)),(I711-O711),"")
A712: 1018702 | B712: 10187 | C712: 145.6 | D712: St. Veit an der Glan | E712: 45677.376 | F712: 45677.384 | G712: 45677.386 | H712: OBT200125091839-St. Veit an der Glan | I712: 45677.889 | J712: 45677.915 | K712: 45677.915 | L712: 45677.915 | M712: =IF(AND(ISNUMBER(E712),ISNUMBER(G712)),(G712-E712),"") | N712: =IF(AND(ISNUMBER(G712),ISNUMBER(L712)),(L712-G712),"") | O712: 45677.388 | P712: =IF(AND(ISNUMBER(I712),ISNUMBER(O712)),(I712-O712),"") | Q712: WG 1018702 entered track and got secured, OBTP started on 21:20:40 finished on 21:57:04 and then left at 21:58:13
A713: 1018801 | B713: 10188 | C713: 144.8 | D713: Wien Kledering | E713: 45677.442 | F713: 45677.45 | G713: 45677.452 | H713: OBT200125105804-Wien Kledering | I713: 45678.316 | J713: 45678.345 | K713: 45678.345 | L713: 45678.346 | M713: =IF(AND(ISNUMBER(E713),ISNUMBER(G713)),(G713-E713),"") | N713: =IF(AND(ISNUMBER(G713),ISNUMBER(L713)),(L713-G713),"") | O713: 45677.454 | P713: =IF(AND(ISNUMBER(I713),ISNUMBER(O713)),(I713-O713),"") | Q713: WG 1018801 entered track and got secured then waited 0:03:56 for WG 1018802 to get coupled, OBTP started on 07:35:35 finished on 08:17:02 and then left at 08:18:16
A714: 1018802 | B714: 10188 | C714: 21 | D714: St. Veit an der Glan | E714: 45677.442 | F714: 45677.452 | G714: 45677.453 | H714: OBT200125105804-Wien Kledering | I714: 45678.316 | J714: 45678.345 | K714: 45678.345 | L714: 45678.346 | M714: =IF(AND(ISNUMBER(E714),ISNUMBER(G714)),(G714-E714),"") | N714: =IF(AND(ISNUMBER(G714),ISNUMBER(L714)),(L714-G714),"") | O714: 45677.457 | P714: =IF(AND(ISNUMBER(I714),ISNUMBER(O714)),(I714-O714),"") | Q714: WG 1018802 entered track and got coupled to WG 1018801, OBTP started on 07:35:35 finished on 08:17:02 and then left at 08:18:16
A715: 1018803 | B715: 10188 | C715: 153.88 | D715: Wien Kledering | E715: 45677.442 | F715: 45677.453 | G715: 45677.455 | H715: OBT200125105846-Wien Kledering | I715: 45678.335 | J715: 45678.361 | K715: 45678.361 | L715: 45678.362 | M715: =IF(AND(ISNUMBER(E715),ISNUMBER(G715)),(G715-E715),"") | N715: =IF(AND(ISNUMBER(G715),ISNUMBER(L715)),(L715-G715),"") | O715: 45677.457 | P715: =IF(AND(ISNUMBER(I715),ISNUMBER(O715)),(I715-O715),"") | Q715: WG 1018803 entered track and got secured, OBTP started on 08:01:59 finished on 08:40:27 and then left at 08:41:42
A716: 1018901 | B716: 10189 | C716: 104.96 | D716: Wien Kledering | E716: 45677.533 | F716: 45677.537 | G716: 45677.539 | H716: OBT200125125954-Wien Kledering | I716: 45678.341 | J716: 45678.359 | K716: 45678.359 | L716: 45678.359 | M716: =IF(AND(ISNUMBER(E716),ISNUMBER(G716)),(G716-E716),"") | N716: =IF(AND(ISNUMBER(G716),ISNUMBER(L716)),(L716-G716),"") | O716: 45677.542 | P716: =IF(AND(ISNUMBER(I716),ISNUMBER(O716)),(I716-O716),"") | Q716: WG 1018901 entered track and got secured, OBTP started on 08:10:22 finished on 08:36:36 and then left at 08:37:31
A717: 1019001 | B717: 10190 | C717: 389.06 | D717: Wien Kledering | E717: 45677.602 | F717: 45677.608 | G717: 45677.611 | H717: OBT200125144313-Wien Kledering | I717: 45678.388 | J717: 45678.456 | K717: 45678.456 | L717: 45678.457 | M717: =IF(AND(ISNUMBER(E717),ISNUMBER(G717)),(G717-E717),"") | N717: =IF(AND(ISNUMBER(G717),ISNUMBER(L717)),(L717-G717),"") | O717: 45677.613 | P717: =IF(AND(ISNUMBER(I717),ISNUMBER(O717)),(I717-O717),"") | Q717: WG 1019001 entered track and got secured, OBTP started on 09:18:43 finished on 10:55:59 and then left at 10:58:08
A718: 1019101 | B718: 10191 | C718: 19.9 | D718: Felixdorf/Sollenau (Bundesheer, Maba) | E718: 45677.632 | F718: 45677.648 | G718: 45677.65 | H718: OBT220125180146-Felixdorf/Sollenau (Bundesheer, Maba) | I718: 45680.651 | J718: 45680.672 | K718: 45680.672 | L718: 45680.672 | M718: =IF(AND(ISNUMBER(E718),ISNUMBER(G718)),(G718-E718),"") | N718: =IF(AND(ISNUMBER(G718),ISNUMBER(L718)),(L718-G718),"") | O718: 45677.654 | P718: =IF(AND(ISNUMBER(I718),ISNUMBER(O718)),(I718-O718),"") | Q718: WG 1019101 entered track and got coupled to WG 1017407 then waited 23:30:38 for WG 1020502 to get coupled then waited 18:47:48 for WG 1021507 to get coupled then waited 8:01:57 for WG 1021902 to get coupled, OBTP started on 15:37:07 finished on 16:06:58 and then left at 16:08:09
A719: 1019102 | B719: 10191 | C719: 19.9 | D719: Neudörfl (FunderMax) | E719: 45677.632 | F719: 45677.65 | G719: 45677.652 | H719: OBT210125080256-Neudörfl (FunderMax) | I719: 45679.203 | J719: 45679.224 | K719: 45679.224 | L719: 45679.225 | M719: =IF(AND(ISNUMBER(E719),ISNUMBER(G719)),(G719-E719),"") | N719: =IF(AND(ISNUMBER(G719),ISNUMBER(L719)),(L719-G719),"") | O719: 45677.654 | P719: =IF(AND(ISNUMBER(I719),ISNUMBER(O719)),(I719-O719),"") | Q719: WG 1019102 entered track and got secured then waited 16:20:58 for WG 1019809 to get coupled, OBTP started on 04:52:58 finished on 05:22:15 and then left at 05:23:25
A720: 1019103 | B720: 10191 | C720: 19.9 | D720: Neunkirchen (loading tracks) | E720: 45677.632 | F720: 45677.652 | G720: 45677.654 | H720: OBT210125032545-Neunkirchen (loading tracks) | I720: 45678.647 | J720: 45678.699 | K720: 45678.699 | L720: 45678.7 | M720: =IF(AND(ISNUMBER(E720),ISNUMBER(G720)),(G720-E720),"") | N720: =IF(AND(ISNUMBER(G720),ISNUMBER(L720)),(L720-G720),"") | O720: 45677.656 | P720: =IF(AND(ISNUMBER(I720),ISNUMBER(O720)),(I720-O720),"") | Q720: WG 1019103 entered track and got secured then waited 0:14:50 for WG 1019109 to get coupled then waited 11:18:15 for WG 1019602 to get coupled then waited 0:07:56 for WG 1019605 to get coupled, OBTP started on 15:32:13 finished on 16:46:08 and then left at 16:47:40
A721: 1019104 | B721: 10191 | C721: 81 | D721: Wr. Neustadt (Hödlmayr) | E721: 45677.632 | M721: =IF(AND(ISNUMBER(E721),ISNUMBER(G721)),(G721-E721),"") | N721: =IF(AND(ISNUMBER(G721),ISNUMBER(L721)),(L721-G721),"") | P721: =IF(AND(ISNUMBER(I721),ISNUMBER(O721)),(I721-O721),"")
A722: 1019105 | B722: 10191 | C722: 19.9 | D722: Wr. Neustadt Ausfahrbf (Furtenbach) | E722: 45677.632 | F722: 45677.654 | G722: 45677.655 | H722: OBT220125180607-Wr. Neustadt Ausfahrbf (Furtenbach) | I722: 45680.673 | J722: 45680.701 | K722: 45680.701 | L722: 45680.702 | M722: =IF(AND(ISNUMBER(E722),ISNUMBER(G722)),(G722-E722),"") | N722: =IF(AND(ISNUMBER(G722),ISNUMBER(L722)),(L722-G722),"") | O722: 45677.657 | P722: =IF(AND(ISNUMBER(I722),ISNUMBER(O722)),(I722-O722),"") | Q722: WG 1019105 entered track and got secured then waited 16:01:31 for WG 1019802 to get coupled then waited 1:36:52 for WG 1020101 to get coupled then waited 32:41:07 for WG 1021904 to get coupled, OBTP started on 16:09:28 finished on 16:49:16 and then left at 16:50:25
...

Sheet Outbound Trains
A1: ID | B1: Destination | C1: Length (m) | D1: Track | E1: OBTP init | F1: OBTP starts | G1: OBTP ends | H1: Departure drive init | I1: Departure drive starts | J1: Departure drive ends | K1: OBTP wait (hh:mm:ss) | L1: OBTP duration (hh:mm:ss) | M1: DEPD gate wait (hh:mm:ss) | N1: DEPD duration (hh:mm:ss) | O1: Total on classification track (hh:mm:ss)
A2: OBT020125030112-Neunkirchen (loading tracks) | B2: Neunkirchen (loading tracks) | C2: 103.9 | D2: 613 | E2: 45659.126 | F2: 45659.127 | G2: 45659.145 | H2: 45659.145 | I2: 45659.145 | J2: 45659.145 | K2: =IF(AND(ISNUMBER(E2),ISNUMBER(F2)),(F2-E2),"") | L2: =IF(AND(ISNUMBER(F2),ISNUMBER(G2)),(G2-F2),"") | M2: =IF(AND(ISNUMBER(H2),ISNUMBER(I2)),(I2-H2),"") | N2: =IF(AND(ISNUMBER(I2),ISNUMBER(J2)),(J2-I2),"") | O2: =IF(AND(ISNUMBER(E2),ISNUMBER(J2)),(J2-E2),"")
A3: OBT020125064334-Wien Kledering | B3: Wien Kledering | C3: 182.7 | D3: 613 | E3: 45659.28 | F3: 45659.281 | G3: 45659.313 | H3: 45659.313 | I3: 45659.313 | J3: 45659.314 | K3: =IF(AND(ISNUMBER(E3),ISNUMBER(F3)),(F3-E3),"") | L3: =IF(AND(ISNUMBER(F3),ISNUMBER(G3)),(G3-F3),"") | M3: =IF(AND(ISNUMBER(H3),ISNUMBER(I3)),(I3-H3),"") | N3: =IF(AND(ISNUMBER(I3),ISNUMBER(J3)),(J3-I3),"") | O3: =IF(AND(ISNUMBER(E3),ISNUMBER(J3)),(J3-E3),"")
A4: OBT020125073857-Wien Kledering | B4: Wien Kledering | C4: 188.96 | D4: 621 | E4: 45659.319 | F4: 45659.32 | G4: 45659.352 | H4: 45659.352 | I4: 45659.352 | J4: 45659.353 | K4: =IF(AND(ISNUMBER(E4),ISNUMBER(F4)),(F4-E4),"") | L4: =IF(AND(ISNUMBER(F4),ISNUMBER(G4)),(G4-F4),"") | M4: =IF(AND(ISNUMBER(H4),ISNUMBER(I4)),(I4-H4),"") | N4: =IF(AND(ISNUMBER(I4),ISNUMBER(J4)),(J4-I4),"") | O4: =IF(AND(ISNUMBER(E4),ISNUMBER(J4)),(J4-E4),"")
A5: OBT020125074750-Pitten (Hamburger) | B5: Pitten (Hamburger) | C5: 264.62 | D5: 605 | E5: 45659.325 | F5: 45659.326 | G5: 45659.372 | H5: 45659.372 | I5: 45659.372 | J5: 45659.373 | K5: =IF(AND(ISNUMBER(E5),ISNUMBER(F5)),(F5-E5),"") | L5: =IF(AND(ISNUMBER(F5),ISNUMBER(G5)),(G5-F5),"") | M5: =IF(AND(ISNUMBER(H5),ISNUMBER(I5)),(I5-H5),"") | N5: =IF(AND(ISNUMBER(I5),ISNUMBER(J5)),(J5-I5),"") | O5: =IF(AND(ISNUMBER(E5),ISNUMBER(J5)),(J5-E5),"")
A6: OBT020125082044-Wien Kledering | B6: Wien Kledering | C6: 396.56 | D6: 613 | E6: 45659.348 | F6: 45659.349 | G6: 45659.418 | H6: 45659.418 | I6: 45659.418 | J6: 45659.42 | K6: =IF(AND(ISNUMBER(E6),ISNUMBER(F6)),(F6-E6),"") | L6: =IF(AND(ISNUMBER(F6),ISNUMBER(G6)),(G6-F6),"") | M6: =IF(AND(ISNUMBER(H6),ISNUMBER(I6)),(I6-H6),"") | N6: =IF(AND(ISNUMBER(I6),ISNUMBER(J6)),(J6-I6),"") | O6: =IF(AND(ISNUMBER(E6),ISNUMBER(J6)),(J6-E6),"")
A7: OBT020125092035-Wien Kledering | B7: Wien Kledering | C7: 142.2 | D7: 629 | E7: 45659.389 | F7: 45659.39 | G7: 45659.415 | H7: 45659.415 | I7: 45659.415 | J7: 45659.416 | K7: =IF(AND(ISNUMBER(E7),ISNUMBER(F7)),(F7-E7),"") | L7: =IF(AND(ISNUMBER(F7),ISNUMBER(G7)),(G7-F7),"") | M7: =IF(AND(ISNUMBER(H7),ISNUMBER(I7)),(I7-H7),"") | N7: =IF(AND(ISNUMBER(I7),ISNUMBER(J7)),(J7-I7),"") | O7: =IF(AND(ISNUMBER(E7),ISNUMBER(J7)),(J7-E7),"")
A8: OBT020125093208-Other sidings north | B8: Other sidings north | C8: 134.24 | D8: 619 | E8: 45659.397 | F8: 45659.414 | G8: 45659.438 | H8: 45659.438 | I8: 45659.438 | J8: 45659.438 | K8: =IF(AND(ISNUMBER(E8),ISNUMBER(F8)),(F8-E8),"") | L8: =IF(AND(ISNUMBER(F8),ISNUMBER(G8)),(G8-F8),"") | M8: =IF(AND(ISNUMBER(H8),ISNUMBER(I8)),(I8-H8),"") | N8: =IF(AND(ISNUMBER(I8),ISNUMBER(J8)),(J8-I8),"") | O8: =IF(AND(ISNUMBER(E8),ISNUMBER(J8)),(J8-E8),"")
A9: OBT020125093825-Wr. Neustadt (Hödlmayr) | B9: Wr. Neustadt (Hödlmayr) | C9: 108 | D9: 609 | E9: 45659.402 | F9: 45659.416 | G9: 45659.435 | H9: 45659.435 | I9: 45659.435 | J9: 45659.436 | K9: =IF(AND(ISNUMBER(E9),ISNUMBER(F9)),(F9-E9),"") | L9: =IF(AND(ISNUMBER(F9),ISNUMBER(G9)),(G9-F9),"") | M9: =IF(AND(ISNUMBER(H9),ISNUMBER(I9)),(I9-H9),"") | N9: =IF(AND(ISNUMBER(I9),ISNUMBER(J9)),(J9-I9),"") | O9: =IF(AND(ISNUMBER(E9),ISNUMBER(J9)),(J9-E9),"")
A10: OBT020125094857-Pitten (Hamburger) | B10: Pitten (Hamburger) | C10: 194.16 | D10: 629 | E10: 45659.409 | F10: 45659.42 | G10: 45659.454 | H10: 45659.454 | I10: 45659.454 | J10: 45659.455 | K10: =IF(AND(ISNUMBER(E10),ISNUMBER(F10)),(F10-E10),"") | L10: =IF(AND(ISNUMBER(F10),ISNUMBER(G10)),(G10-F10),"") | M10: =IF(AND(ISNUMBER(H10),ISNUMBER(I10)),(I10-H10),"") | N10: =IF(AND(ISNUMBER(I10),ISNUMBER(J10)),(J10-I10),"") | O10: =IF(AND(ISNUMBER(E10),ISNUMBER(J10)),(J10-E10),"")
A11: OBT020125105809-Wien Kledering | B11: Wien Kledering | C11: 367.16 | D11: 613 | E11: 45659.457 | F11: 45659.458 | G11: 45659.522 | H11: 45659.522 | I11: 45659.522 | J11: 45659.523 | K11: =IF(AND(ISNUMBER(E11),ISNUMBER(F11)),(F11-E11),"") | L11: =IF(AND(ISNUMBER(F11),ISNUMBER(G11)),(G11-F11),"") | M11: =IF(AND(ISNUMBER(H11),ISNUMBER(I11)),(I11-H11),"") | N11: =IF(AND(ISNUMBER(I11),ISNUMBER(J11)),(J11-I11),"") | O11: =IF(AND(ISNUMBER(E11),ISNUMBER(J11)),(J11-E11),"")
A12: OBT020125145206-Wien Kledering | B12: Wien Kledering | C12: 287.12 | D12: 613 | E12: 45659.62 | F12: 45659.62 | G12: 45659.67 | H12: 45659.67 | I12: 45659.67 | J12: 45659.671 | K12: =IF(AND(ISNUMBER(E12),ISNUMBER(F12)),(F12-E12),"") | L12: =IF(AND(ISNUMBER(F12),ISNUMBER(G12)),(G12-F12),"") | M12: =IF(AND(ISNUMBER(H12),ISNUMBER(I12)),(I12-H12),"") | N12: =IF(AND(ISNUMBER(I12),ISNUMBER(J12)),(J12-I12),"") | O12: =IF(AND(ISNUMBER(E12),ISNUMBER(J12)),(J12-E12),"")
A13: OBT020125152222-Ternitz (Schoeller-Bleckmann) | B13: Ternitz (Schoeller-Bleckmann) | C13: 363.4 | D13: 627 | E13: 45659.641 | F13: 45659.641 | G13: 45659.704 | H13: 45659.704 | I13: 45659.705 | J13: 45659.706 | K13: =IF(AND(ISNUMBER(E13),ISNUMBER(F13)),(F13-E13),"") | L13: =IF(AND(ISNUMBER(F13),ISNUMBER(G13)),(G13-F13),"") | M13: =IF(AND(ISNUMBER(H13),ISNUMBER(I13)),(I13-H13),"") | N13: =IF(AND(ISNUMBER(I13),ISNUMBER(J13)),(J13-I13),"") | O13: =IF(AND(ISNUMBER(E13),ISNUMBER(J13)),(J13-E13),"")
... A411: OBT310125080145-Wr. Neustadt (Brenntag) | B411: Wr. Neustadt (Brenntag) | C411: 115.7 | D411: 619 | E411: 45688.335 | F411: 45688.864 | G411: 45688.884 | H411: 45688.884 | I411: 45688.884 | J411: 45688.885 | K411: =IF(AND(ISNUMBER(E411),ISNUMBER(F411)),(F411-E411),"") | L411: =IF(AND(ISNUMBER(F411),ISNUMBER(G411)),(G411-F411),"") | M411: =IF(AND(ISNUMBER(H411),ISNUMBER(I411)),(I411-H411),"") | N411: =IF(AND(ISNUMBER(I411),ISNUMBER(J411)),(J411-I411),"") | O411: =IF(AND(ISNUMBER(E411),ISNUMBER(J411)),(J411-E411),"")
A412: OBT310125082055-Wien Kledering | B412: Wien Kledering | C412: 381.56 | D412: 627 | E412: 45688.348 | K412: =IF(AND(ISNUMBER(E412),ISNUMBER(F412)),(F412-E412),"") | L412: =IF(AND(ISNUMBER(F412),ISNUMBER(G412)),(G412-F412),"") | M412: =IF(AND(ISNUMBER(H412),ISNUMBER(I412)),(I412-H412),"") | N412: =IF(AND(ISNUMBER(I412),ISNUMBER(J412)),(J412-I412),"") | O412: =IF(AND(ISNUMBER(E412),ISNUMBER(J412)),(J412-E412),"")
A413: OBT310125091105-Wien Kledering | B413: Wien Kledering | C413: 164.3 | D413: 627 | E413: 45688.383 | K413: =IF(AND(ISNUMBER(E413),ISNUMBER(F413)),(F413-E413),"") | L413: =IF(AND(ISNUMBER(F413),ISNUMBER(G413)),(G413-F413),"") | M413: =IF(AND(ISNUMBER(H413),ISNUMBER(I413)),(I413-H413),"") | N413: =IF(AND(ISNUMBER(I413),ISNUMBER(J413)),(J413-I413),"") | O413: =IF(AND(ISNUMBER(E413),ISNUMBER(J413)),(J413-E413),"")
A414: OBT310125105654-Wien Kledering | B414: Wien Kledering | C414: 270.8 | D414: 627 | E414: 45688.456 | K414: =IF(AND(ISNUMBER(E414),ISNUMBER(F414)),(F414-E414),"") | L414: =IF(AND(ISNUMBER(F414),ISNUMBER(G414)),(G414-F414),"") | M414: =IF(AND(ISNUMBER(H414),ISNUMBER(I414)),(I414-H414),"") | N414: =IF(AND(ISNUMBER(I414),ISNUMBER(J414)),(J414-I414),"") | O414: =IF(AND(ISNUMBER(E414),ISNUMBER(J414)),(J414-E414),"")
A415: OBT310125110109-St. Veit an der Glan | B415: St. Veit an der Glan | C415: 155.7 | D415: 617 | E415: 45688.459 | K415: =IF(AND(ISNUMBER(E415),ISNUMBER(F415)),(F415-E415),"") | L415: =IF(AND(ISNUMBER(F415),ISNUMBER(G415)),(G415-F415),"") | M415: =IF(AND(ISNUMBER(H415),ISNUMBER(I415)),(I415-H415),"") | N415: =IF(AND(ISNUMBER(I415),ISNUMBER(J415)),(J415-I415),"") | O415: =IF(AND(ISNUMBER(E415),ISNUMBER(J415)),(J415-E415),"")
A416: OBT310125124603-Wien Kledering | B416: Wien Kledering | C416: 339 | D416: 607 | E416: 45688.532 | K416: =IF(AND(ISNUMBER(E416),ISNUMBER(F416)),(F416-E416),"") | L416: =IF(AND(ISNUMBER(F416),ISNUMBER(G416)),(G416-F416),"") | M416: =IF(AND(ISNUMBER(H416),ISNUMBER(I416)),(I416-H416),"") | N416: =IF(AND(ISNUMBER(I416),ISNUMBER(J416)),(J416-I416),"") | O416: =IF(AND(ISNUMBER(E416),ISNUMBER(J416)),(J416-E416),"")
A417: OBT310125142730-Wien Kledering | B417: Wien Kledering | C417: 186.66 | D417: 615 | E417: 45688.602 | K417: =IF(AND(ISNUMBER(E417),ISNUMBER(F417)),(F417-E417),"") | L417: =IF(AND(ISNUMBER(F417),ISNUMBER(G417)),(G417-F417),"") | M417: =IF(AND(ISNUMBER(H417),ISNUMBER(I417)),(I417-H417),"") | N417: =IF(AND(ISNUMBER(I417),ISNUMBER(J417)),(J417-I417),"") | O417: =IF(AND(ISNUMBER(E417),ISNUMBER(J417)),(J417-E417),"")
A418: OBT310125155632-Pitten (Hamburger) | B418: Pitten (Hamburger) | C418: 157.24 | D418: 621 | E418: 45688.664 | K418: =IF(AND(ISNUMBER(E418),ISNUMBER(F418)),(F418-E418),"") | L418: =IF(AND(ISNUMBER(F418),ISNUMBER(G418)),(G418-F418),"") | M418: =IF(AND(ISNUMBER(H418),ISNUMBER(I418)),(I418-H418),"") | N418: =IF(AND(ISNUMBER(I418),ISNUMBER(J418)),(J418-I418),"") | O418: =IF(AND(ISNUMBER(E418),ISNUMBER(J418)),(J418-E418),"")
A419: OBT310125155832-Neudörfl (FunderMax) | B419: Neudörfl (FunderMax) | C419: 115.9 | D419: 611 | E419: 45688.666 | K419: =IF(AND(ISNUMBER(E419),ISNUMBER(F419)),(F419-E419),"") | L419: =IF(AND(ISNUMBER(F419),ISNUMBER(G419)),(G419-F419),"") | M419: =IF(AND(ISNUMBER(H419),ISNUMBER(I419)),(I419-H419),"") | N419: =IF(AND(ISNUMBER(I419),ISNUMBER(J419)),(J419-I419),"") | O419: =IF(AND(ISNUMBER(E419),ISNUMBER(J419)),(J419-E419),"")
A420: OBT310125160801-Other sidings north | B420: Other sidings north | C420: 153.32 | D420: 629 | E420: 45688.672 | K420: =IF(AND(ISNUMBER(E420),ISNUMBER(F420)),(F420-E420),"") | L420: =IF(AND(ISNUMBER(F420),ISNUMBER(G420)),(G420-F420),"") | M420: =IF(AND(ISNUMBER(H420),ISNUMBER(I420)),(I420-H420),"") | N420: =IF(AND(ISNUMBER(I420),ISNUMBER(J420)),(J420-I420),"") | O420: =IF(AND(ISNUMBER(E420),ISNUMBER(J420)),(J420-E420),"")
A421: OBT310125161451-Steinabrückl/Wöllersdorf | B421: Steinabrückl/Wöllersdorf | C421: 110.18 | D421: 623 | E421: 45688.677 | K421: =IF(AND(ISNUMBER(E421),ISNUMBER(F421)),(F421-E421),"") | L421: =IF(AND(ISNUMBER(F421),ISNUMBER(G421)),(G421-F421),"") | M421: =IF(AND(ISNUMBER(H421),ISNUMBER(I421)),(I421-H421),"") | N421: =IF(AND(ISNUMBER(I421),ISNUMBER(J421)),(J421-I421),"") | O421: =IF(AND(ISNUMBER(E421),ISNUMBER(J421)),(J421-E421),"")
A422: OBT310125162356-Other sidings south | B422: Other sidings south | C422: 106.1 | D422: 609 | E422: 45688.683 | K422: =IF(AND(ISNUMBER(E422),ISNUMBER(F422)),(F422-E422),"") | L422: =IF(AND(ISNUMBER(F422),ISNUMBER(G422)),(G422-F422),"") | M422: =IF(AND(ISNUMBER(H422),ISNUMBER(I422)),(I422-H422),"") | N422: =IF(AND(ISNUMBER(I422),ISNUMBER(J422)),(J422-I422),"") | O422: =IF(AND(ISNUMBER(E422),ISNUMBER(J422)),(J422-E422),"")
A423: OBT310125174917-Wien Kledering | B423: Wien Kledering | C423: 302.12 | D423: 613 | E423: 45688.743 | K423: =IF(AND(ISNUMBER(E423),ISNUMBER(F423)),(F423-E423),"") | L423: =IF(AND(ISNUMBER(F423),ISNUMBER(G423)),(G423-F423),"") | M423: =IF(AND(ISNUMBER(H423),ISNUMBER(I423)),(I423-H423),"") | N423: =IF(AND(ISNUMBER(I423),ISNUMBER(J423)),(J423-I423),"") | O423: =IF(AND(ISNUMBER(E423),ISNUMBER(J423)),(J423-E423),"")
... A427: OBT310125204436-Other sidings south | B427: Other sidings south | C427: 126 | D427: 629 | E427: 45688.864 | K427: =IF(AND(ISNUMBER(E427),ISNUMBER(F427)),(F427-E427),"") | L427: =IF(AND(ISNUMBER(F427),ISNUMBER(G427)),(G427-F427),"") | M427: =IF(AND(ISNUMBER(H427),ISNUMBER(I427)),(I427-H427),"") | N427: =IF(AND(ISNUMBER(I427),ISNUMBER(J427)),(J427-I427),"") | O427: =IF(AND(ISNUMBER(E427),ISNUMBER(J427)),(J427-E427),"")

Sheet Drive Stats
A1: Activity Type | B1: From | C1: To | D1: Count | E1: Mean Dist (m) | F1: Min Dist (m) | G1: Max Dist (m) | H1: Mean Duration (hh:mm:ss) | I1: Min Duration (hh:mm:ss) | J1: Max Duration (hh:mm:ss) | K1: Mean Speed (km/h) | L1: Min Speed (km/h) | M1: Max Speed (km/h) | N1: Speed Std (km/h)
A2: ArrivalDrive | B2: Entry gate | C2: 703 | D2: 239 | E2: 766.25 | F2: 766.25 | G2: 766.25 | H2: 0.0023043546 | I2: 0.0017592593 | J2: 0.0028009259 | K2: 14.009485 | L2: 11.39876 | M2: 18.148026 | N2: 1.5087117
A3: ArrivalDrive | B3: Entry gate | C3: 725 | D3: 7 | E3: 476.05 | F3: 476.05 | G3: 476.05 | H3: 0.0019196429 | I3: 0.0012384259 | J3: 0.0023726852 | K3: 10.957028 | L3: 8.3599024 | M3: 16.016636 | N3: 2.7942526
A4: ArrivalDrive | B4: Entry gate | C4: 727 | D4: 66 | E4: 556.2 | F4: 556.2 | G4: 556.2 | H4: 0.002081229 | I4: 0.0013888889 | J4: 0.0025231481 | K4: 11.508503 | L4: 9.1849541 | M4: 16.686 | N4: 2.1943055
A5: ArrivalDrive | B5: Entry gate | C5: 731 | D5: 19 | E5: 587.14 | F5: 587.14 | G5: 587.14 | H5: 0.001306652 | I5: 0.00125 | J5: 0.0013657407 | K5: 18.746789 | L5: 17.912746 | M5: 19.571333 | N5: 0.67126292
A6: DepartureDrive | B6: 605 | C6: Exit gate | D6: 30 | E6: 286.14 | F6: 286.14 | G6: 286.14 | H6: 0.001001929 | I6: 0.00084490741 | J6: 0.0015509259 | K6: 12.149625 | L6: 7.6873433 | M6: 14.111014 | N6: 1.6024438
A7: DepartureDrive | B7: 606 | C7: Exit gate | D7: 18 | E7: 245 | F7: 245 | G7: 245 | H7: 0.00098186728 | I7: 0.00076388889 | J7: 0.0013888889 | K7: 10.768632 | L7: 7.35 | M7: 13.363636 | N7: 1.9207925
A8: DepartureDrive | B8: 607 | C8: Exit gate | D8: 17 | E8: 286.14 | F8: 286.14 | G8: 286.14 | H8: 0.0010866013 | I8: 0.00083333333 | J8: 0.0015740741 | K8: 11.516327 | L8: 7.5742941 | M8: 14.307 | N8: 2.4182335
A9: DepartureDrive | B9: 609 | C9: Exit gate | D9: 14 | E9: 259.16 | F9: 259.16 | G9: 259.16 | H9: 0.0009672619 | I9: 0.00077546296 | J9: 0.0015972222 | K9: 11.80759 | L9: 6.7606957 | M9: 13.925015 | N9: 2.3659737
A10: DepartureDrive | B10: 611 | C10: Exit gate | D10: 22 | E10: 231.94 | F10: 231.94 | G10: 231.94 | H10: 0.0010648148 | I10: 0.00072916667 | J10: 0.0019907407 | K10: 9.8781619 | L10: 4.8545581 | M10: 13.253714 | N10: 2.5589883
A11: DepartureDrive | B11: 613 | C11: Exit gate | D11: 46 | E11: 205.9 | F11: 205.9 | G11: 205.9 | H11: 0.00097498994 | I11: 0.00065972222 | J11: 0.0015740741 | K11: 9.4686247 | L11: 5.4502941 | M11: 13.004211 | N11: 2.4813881
A12: DepartureDrive | B12: 615 | C12: Exit gate | D12: 65 | E12: 223.61 | F12: 223.61 | G12: 223.61 | H12: 0.00098272792 | I12: 0.00069444444 | J12: 0.0015046296 | K12: 9.9983424 | L12: 6.1922769 | M12: 13.4166 | N12: 2.2320292
A13: DepartureDrive | B13: 617 | C13: Exit gate | D13: 19 | E13: 262.93 | F13: 262.93 | G13: 262.93 | H13: 0.00095394737 | I13: 0.00077546296 | J13: 0.0013888889 | K13: 11.941622 | L13: 7.8879 | M13: 14.127582 | N13: 2.1577381
... A68: PushOffDrive | B68: 731 | C68: 621 | D68: 1 | E68: 544.85 | F68: 544.85 | G68: 544.85 | H68: 0.0024189815 | I68: 0.0024189815 | J68: 0.0024189815 | K68: 9.3849761 | L68: 9.3849761 | M68: 9.3849761 | N68: 0

Sheet WG Yard Times
A1: WG Id | B1: Parent Train | C1: Train Spawn | D1: Train Arrived Track | E1: WG PushOff Drive Start | F1: WG Arrived Classif | G1: Parent OBT | H1: OBT Formed | I1: OBT Leaves Classif (DEPD start) | J1: Train Exits Station | K1: Arrival Yard (hh:mm:ss) | L1: Classif Yard (hh:mm:ss) | P1: Summary (hh:mm:ss)
A2: 1000101 | B2: 10001 | C2: 45659.111 | D2: 45659.113 | E2: 45659.121 | F2: 45659.122 | G2: OBT030125061555-Other sidings south | H2: 45660.261 | I2: 45660.281 | J2: 45660.281 | K2: =IF(AND(ISNUMBER(D2),ISNUMBER(E2)),(E2-D2),"") | L2: =IF(AND(ISNUMBER(F2),ISNUMBER(I2)),(I2-F2),"") | P2: Arrival yard mean | Q2: =IFERROR(AVERAGE(K2:K1089),0)
A3: 1000102 | B3: 10001 | C3: 45659.111 | D3: 45659.113 | E3: 45659.122 | F3: 45659.124 | G3: OBT020125030112-Neunkirchen (loading tracks) | H3: 45659.126 | I3: 45659.145 | J3: 45659.145 | K3: =IF(AND(ISNUMBER(D3),ISNUMBER(E3)),(E3-D3),"") | L3: =IF(AND(ISNUMBER(F3),ISNUMBER(I3)),(I3-F3),"") | P3: Arrival yard median | Q3: =IFERROR(MEDIAN(K2:K1089),0)
A4: 1000103 | B4: 10001 | C4: 45659.111 | D4: 45659.113 | E4: 45659.124 | F4: 45659.126 | G4: OBT020125152222-Ternitz (Schoeller-Bleckmann) | H4: 45659.641 | I4: 45659.705 | J4: 45659.706 | K4: =IF(AND(ISNUMBER(D4),ISNUMBER(E4)),(E4-D4),"") | L4: =IF(AND(ISNUMBER(F4),ISNUMBER(I4)),(I4-F4),"") | P4: Arrival yard min | Q4: =IFERROR(MIN(K2:K1089),0)
A5: 1000104 | B5: 10001 | C5: 45659.111 | D5: 45659.113 | E5: 45659.126 | F5: 45659.128 | G5: OBT030125063005-Gloggnitz | H5: 45660.271 | I5: 45660.313 | J5: 45660.314 | K5: =IF(AND(ISNUMBER(D5),ISNUMBER(E5)),(E5-D5),"") | L5: =IF(AND(ISNUMBER(F5),ISNUMBER(I5)),(I5-F5),"") | P5: Arrival yard max | Q5: =IFERROR(MAX(K2:K1089),0)
A6: 1000201 | B6: 10002 | C6: 45659.269 | D6: 45659.271 | E6: 45659.276 | F6: 45659.278 | G6: OBT020125064334-Wien Kledering | H6: 45659.28 | I6: 45659.313 | J6: 45659.314 | K6: =IF(AND(ISNUMBER(D6),ISNUMBER(E6)),(E6-D6),"") | L6: =IF(AND(ISNUMBER(F6),ISNUMBER(I6)),(I6-F6),"") | P6: Classif yard mean | Q6: =IFERROR(AVERAGE(L2:L1089),0)
A7: 1000401 | B7: 10004 | C7: 45659.307 | D7: 45659.309 | E7: 45659.314 | F7: 45659.316 | G7: OBT020125073857-Wien Kledering | H7: 45659.319 | I7: 45659.352 | J7: 45659.353 | K7: =IF(AND(ISNUMBER(D7),ISNUMBER(E7)),(E7-D7),"") | L7: =IF(AND(ISNUMBER(F7),ISNUMBER(I7)),(I7-F7),"") | P7: Classif yard median | Q7: =IFERROR(MEDIAN(L2:L1089),0)
A8: 1000301 | B8: 10003 | C8: 45659.298 | D8: 45659.3 | E8: 45659.319 | F8: 45659.32 | G8: OBT030125061555-Other sidings south | H8: 45660.261 | I8: 45660.281 | J8: 45660.281 | K8: =IF(AND(ISNUMBER(D8),ISNUMBER(E8)),(E8-D8),"") | L8: =IF(AND(ISNUMBER(F8),ISNUMBER(I8)),(I8-F8),"") | P8: Classif yard min | Q8: =IFERROR(MIN(L2:L1089),0)
A9: 1000302 | B9: 10003 | C9: 45659.298 | D9: 45659.3 | E9: 45659.32 | F9: 45659.322 | G9: OBT020125074750-Pitten (Hamburger) | H9: 45659.325 | I9: 45659.372 | J9: 45659.373 | K9: =IF(AND(ISNUMBER(D9),ISNUMBER(E9)),(E9-D9),"") | L9: =IF(AND(ISNUMBER(F9),ISNUMBER(I9)),(I9-F9),"") | P9: Classif yard max | Q9: =IFERROR(MAX(L2:L1089),0)
A10: 1000303 | B10: 10003 | C10: 45659.298 | D10: 45659.3 | E10: 45659.322 | F10: 45659.324 | G10: OBT020125184418-Neunkirchen (loading tracks) | H10: 45659.781 | I10: 45659.802 | J10: 45659.803 | K10: =IF(AND(ISNUMBER(D10),ISNUMBER(E10)),(E10-D10),"") | L10: =IF(AND(ISNUMBER(F10),ISNUMBER(I10)),(I10-F10),"")
A11: 1000304 | B11: 10003 | C11: 45659.298 | D11: 45659.3 | E11: 45659.324 | F11: 45659.326 | G11: OBT020125152222-Ternitz (Schoeller-Bleckmann) | H11: 45659.641 | I11: 45659.705 | J11: 45659.706 | K11: =IF(AND(ISNUMBER(D11),ISNUMBER(E11)),(E11-D11),"") | L11: =IF(AND(ISNUMBER(F11),ISNUMBER(I11)),(I11-F11),"")
A12: 1000305 | B12: 10003 | C12: 45659.298 | D12: 45659.3 | E12: 45659.326 | F12: 45659.328 | G12: OBT020125093208-Other sidings north | H12: 45659.397 | I12: 45659.438 | J12: 45659.438 | K12: =IF(AND(ISNUMBER(D12),ISNUMBER(E12)),(E12-D12),"") | L12: =IF(AND(ISNUMBER(F12),ISNUMBER(I12)),(I12-F12),"")
A13: 1000306 | B13: 10003 | C13: 45659.298 | D13: 45659.3 | E13: 45659.328 | F13: 45659.33 | G13: OBT020125154035-Neudörfl (FunderMax) | H13: 45659.653 | I13: 45659.682 | J13: 45659.683 | K13: =IF(AND(ISNUMBER(D13),ISNUMBER(E13)),(E13-D13),"") | L13: =IF(AND(ISNUMBER(F13),ISNUMBER(I13)),(I13-F13),"")
A14: 1000307 | B14: 10003 | C14: 45659.298 | D14: 45659.3 | E14: 45659.33 | F14: 45659.332 | G14: OBT030125205107-Other sidings local | H14: 45660.869 | I14: 45660.915 | J14: 45660.916 | K14: =IF(AND(ISNUMBER(D14),ISNUMBER(E14)),(E14-D14),"") | L14: =IF(AND(ISNUMBER(F14),ISNUMBER(I14)),(I14-F14),"")
A15: 1000308 | B15: 10003 | C15: 45659.298 | D15: 45659.3 | E15: 45659.332 | F15: 45659.333 | G15: OBT020125093825-Wr. Neustadt (Hödlmayr) | H15: 45659.402 | I15: 45659.435 | J15: 45659.436 | K15: =IF(AND(ISNUMBER(D15),ISNUMBER(E15)),(E15-D15),"") | L15: =IF(AND(ISNUMBER(F15),ISNUMBER(I15)),(I15-F15),"")
A16: 1000309 | B16: 10003 | C16: 45659.298 | D16: 45659.3 | E16: 45659.333 | F16: 45659.335 | G16: OBT020125184418-Neunkirchen (loading tracks) | H16: 45659.781 | I16: 45659.802 | J16: 45659.803 | K16: =IF(AND(ISNUMBER(D16),ISNUMBER(E16)),(E16-D16),"") | L16: =IF(AND(ISNUMBER(F16),ISNUMBER(I16)),(I16-F16),"")
A17: 1000310 | B17: 10003 | C17: 45659.298 | D17: 45659.3 | E17: 45659.335 | F17: 45659.336 | G17: OBT020125205242-Ebenfurth (beet loading) | H17: 45659.87 | I17: 45659.898 | J17: 45659.899 | K17: =IF(AND(ISNUMBER(D17),ISNUMBER(E17)),(E17-D17),"") | L17: =IF(AND(ISNUMBER(F17),ISNUMBER(I17)),(I17-F17),"")
A18: 1000311 | B18: 10003 | C18: 45659.298 | D18: 45659.3 | E18: 45659.336 | F18: 45659.338 | G18: OBT020125154035-Neudörfl (FunderMax) | H18: 45659.653 | I18: 45659.682 | J18: 45659.683 | K18: =IF(AND(ISNUMBER(D18),ISNUMBER(E18)),(E18-D18),"") | L18: =IF(AND(ISNUMBER(F18),ISNUMBER(I18)),(I18-F18),"")
A19: 1000312 | B19: 10003 | C19: 45659.298 | D19: 45659.3 | E19: 45659.338 | F19: 45659.339 | G19: OBT030125160132-Wr. Neustadt Ausfahrbf (Furtenbach) | H19: 45660.668 | I19: 45660.689 | J19: 45660.69 | K19: =IF(AND(ISNUMBER(D19),ISNUMBER(E19)),(E19-D19),"") | L19: =IF(AND(ISNUMBER(F19),ISNUMBER(I19)),(I19-F19),"")
A20: 1000501 | B20: 10005 | C20: 45659.334 | D20: 45659.336 | E20: 45659.343 | F20: 45659.345 | G20: OBT020125082044-Wien Kledering | H20: 45659.348 | I20: 45659.418 | J20: 45659.42 | K20: =IF(AND(ISNUMBER(D20),ISNUMBER(E20)),(E20-D20),"") | L20: =IF(AND(ISNUMBER(F20),ISNUMBER(I20)),(I20-F20),"")
A21: 1000701 | B21: 10007 | C21: 45659.375 | D21: 45659.377 | E21: 45659.383 | F21: 45659.385 | G21: OBT030125090715-St. Veit an der Glan | H21: 45660.38 | I21: 45660.421 | J21: 45660.422 | K21: =IF(AND(ISNUMBER(D21),ISNUMBER(E21)),(E21-D21),"") | L21: =IF(AND(ISNUMBER(F21),ISNUMBER(I21)),(I21-F21),"")
... A987: 1029701 | B987: 10297 | C987: 45686.729 | D987: 45686.731 | E987: 45686.737 | F987: 45686.738 | G987: OBT290125174650-Wien Kledering | H987: 45686.741 | I987: 45687.708 | J987: 45687.71 | K987: =IF(AND(ISNUMBER(D987),ISNUMBER(E987)),(E987-D987),"") | L987: =IF(AND(ISNUMBER(F987),ISNUMBER(I987)),(I987-F987),"")
A988: 1029801 | B988: 10298 | C988: 45686.733 | D988: 45686.735 | E988: 45686.753 | F988: 45686.755 | K988: =IF(AND(ISNUMBER(D988),ISNUMBER(E988)),(E988-D988),"") | L988: =IF(AND(ISNUMBER(F988),ISNUMBER(I988)),(I988-F988),"")
A989: 1029802 | B989: 10298 | C989: 45686.733 | D989: 45686.735 | E989: 45686.755 | F989: 45686.756 | G989: OBT300125081010-Wr. Neustadt (Brenntag) | H989: 45687.34 | I989: 45688.325 | J989: 45688.326 | K989: =IF(AND(ISNUMBER(D989),ISNUMBER(E989)),(E989-D989),"") | L989: =IF(AND(ISNUMBER(F989),ISNUMBER(I989)),(I989-F989),"")
A990: 1029803 | B990: 10298 | C990: 45686.733 | D990: 45686.735 | E990: 45686.756 | F990: 45686.758 | G990: OBT300125075751-Wr. Neustadt (Hödlmayr) | H990: 45687.332 | I990: 45688.246 | J990: 45688.247 | K990: =IF(AND(ISNUMBER(D990),ISNUMBER(E990)),(E990-D990),"") | L990: =IF(AND(ISNUMBER(F990),ISNUMBER(I990)),(I990-F990),"")
A991: 1029804 | B991: 10298 | C991: 45686.733 | D991: 45686.735 | E991: 45686.758 | F991: 45686.76 | G991: OBT300125085102-St. Veit an der Glan | H991: 45687.369 | I991: 45688.369 | J991: 45688.37 | K991: =IF(AND(ISNUMBER(D991),ISNUMBER(E991)),(E991-D991),"") | L991: =IF(AND(ISNUMBER(F991),ISNUMBER(I991)),(I991-F991),"")
A992: 1029805 | B992: 10298 | C992: 45686.733 | D992: 45686.735 | E992: 45686.76 | F992: 45686.762 | G992: OBT290125182252-Pitten (Hamburger) | H992: 45686.766 | I992: 45687.765 | J992: 45687.766 | K992: =IF(AND(ISNUMBER(D992),ISNUMBER(E992)),(E992-D992),"") | L992: =IF(AND(ISNUMBER(F992),ISNUMBER(I992)),(I992-F992),"")
A993: 1029806 | B993: 10298 | C993: 45686.733 | D993: 45686.735 | E993: 45686.762 | F993: 45686.764 | G993: OBT300125075751-Wr. Neustadt (Hödlmayr) | H993: 45687.332 | I993: 45688.246 | J993: 45688.247 | K993: =IF(AND(ISNUMBER(D993),ISNUMBER(E993)),(E993-D993),"") | L993: =IF(AND(ISNUMBER(F993),ISNUMBER(I993)),(I993-F993),"")
A994: 1029807 | B994: 10298 | C994: 45686.733 | D994: 45686.735 | E994: 45686.764 | F994: 45686.766 | G994: OBT300125030547-Neunkirchen (loading tracks) | H994: 45687.129 | I994: 45687.882 | J994: 45687.883 | K994: =IF(AND(ISNUMBER(D994),ISNUMBER(E994)),(E994-D994),"") | L994: =IF(AND(ISNUMBER(F994),ISNUMBER(I994)),(I994-F994),"")
A995: 1029808 | B995: 10298 | C995: 45686.733 | D995: 45686.735 | E995: 45686.766 | F995: 45686.768 | G995: OBT300125081913-Wr. Neustadt Ausfahrbf (Furtenbach) | H995: 45687.347 | I995: 45688.405 | J995: 45688.407 | K995: =IF(AND(ISNUMBER(D995),ISNUMBER(E995)),(E995-D995),"") | L995: =IF(AND(ISNUMBER(F995),ISNUMBER(I995)),(I995-F995),"")
A996: 1029809 | B996: 10298 | C996: 45686.733 | D996: 45686.735 | E996: 45686.768 | F996: 45686.769 | G996: OBT300125030547-Neunkirchen (loading tracks) | H996: 45687.129 | I996: 45687.882 | J996: 45687.883 | K996: =IF(AND(ISNUMBER(D996),ISNUMBER(E996)),(E996-D996),"") | L996: =IF(AND(ISNUMBER(F996),ISNUMBER(I996)),(I996-F996),"")
A997: 1029810 | B997: 10298 | C997: 45686.733 | D997: 45686.735 | E997: 45686.769 | F997: 45686.771 | G997: OBT300125153454-Other sidings south | H997: 45687.649 | I997: 45688.555 | J997: 45688.556 | K997: =IF(AND(ISNUMBER(D997),ISNUMBER(E997)),(E997-D997),"") | L997: =IF(AND(ISNUMBER(F997),ISNUMBER(I997)),(I997-F997),"")
A998: 1029901 | B998: 10299 | C998: 45686.865 | D998: 45686.868 | E998: 45686.875 | F998: 45686.877 | G998: OBT290125210626-Wien Kledering | H998: 45686.879 | I998: 45687.897 | J998: 45687.899 | K998: =IF(AND(ISNUMBER(D998),ISNUMBER(E998)),(E998-D998),"") | L998: =IF(AND(ISNUMBER(F998),ISNUMBER(I998)),(I998-F998),"")
A999: 1030001 | B999: 10300 | C999: 45687.112 | D999: 45687.114 | E999: 45687.123 | F999: 45687.125 | G999: OBT300125030547-Neunkirchen (loading tracks) | H999: 45687.129 | I999: 45687.882 | J999: 45687.883 | K999: =IF(AND(ISNUMBER(D999),ISNUMBER(E999)),(E999-D999),"") | L999: =IF(AND(ISNUMBER(F999),ISNUMBER(I999)),(I999-F999),"")
A1000: 1030002 | B1000: 10300 | C1000: 45687.112 | D1000: 45687.114 | E1000: 45687.125 | F1000: 45687.127 | G1000: OBT300125153454-Other sidings south | H1000: 45687.649 | I1000: 45688.555 | J1000: 45688.556 | K1000: =IF(AND(ISNUMBER(D1000),ISNUMBER(E1000)),(E1000-D1000),"") | L1000: =IF(AND(ISNUMBER(F1000),ISNUMBER(I1000)),(I1000-F1000),"")
... A1007: 1030303 | B1007: 10303 | C1007: 45687.3 | D1007: 45687.302 | E1007: 45687.328 | F1007: 45687.329 | G1007: OBT300125080541-Neunkirchen (loading tracks) | H1007: 45687.337 | I1007: 45688.277 | J1007: 45688.278 | K1007: =IF(AND(ISNUMBER(D1007),ISNUMBER(E1007)),(E1007-D1007),"") | L1007: =IF(AND(ISNUMBER(F1007),ISNUMBER(I1007)),(I1007-F1007),"")
A1008: 1030305 | B1008: 10303 | C1008: 45687.3 | D1008: 45687.302 | E1008: 45687.329 | F1008: 45687.331 | G1008: OBT310125161451-Steinabrückl/Wöllersdorf | H1008: 45688.677 | K1008: =IF(AND(ISNUMBER(D1008),ISNUMBER(E1008)),(E1008-D1008),"") | L1008: =IF(AND(ISNUMBER(F1008),ISNUMBER(I1008)),(I1008-F1008),"")
A1009: 1030306 | B1009: 10303 | C1009: 45687.3 | D1009: 45687.302 | E1009: 45687.331 | F1009: 45687.332 | G1009: OBT300125153454-Other sidings south | H1009: 45687.649 | I1009: 45688.555 | J1009: 45688.556 | K1009: =IF(AND(ISNUMBER(D1009),ISNUMBER(E1009)),(E1009-D1009),"") | L1009: =IF(AND(ISNUMBER(F1009),ISNUMBER(I1009)),(I1009-F1009),"")
A1010: 1030307 | B1010: 10303 | C1010: 45687.3 | D1010: 45687.302 | E1010: 45687.332 | F1010: 45687.334 | G1010: OBT300125080541-Neunkirchen (loading tracks) | H1010: 45687.337 | I1010: 45688.277 | J1010: 45688.278 | K1010: =IF(AND(ISNUMBER(D1010),ISNUMBER(E1010)),(E1010-D1010),"") | L1010: =IF(AND(ISNUMBER(F1010),ISNUMBER(I1010)),(I1010-F1010),"")
A1011: 1030309 | B1011: 10303 | C1011: 45687.3 | D1011: 45687.302 | E1011: 45687.334 | F1011: 45687.336 | K1011: =IF(AND(ISNUMBER(D1011),ISNUMBER(E1011)),(E1011-D1011),"") | L1011: =IF(AND(ISNUMBER(F1011),ISNUMBER(I1011)),(I1011-F1011),"")
A1012: 1030310 | B1012: 10303 | C1012: 45687.3 | D1012: 45687.302 | E1012: 45687.336 | F1012: 45687.337 | G1012: OBT300125081010-Wr. Neustadt (Brenntag) | H1012: 45687.34 | I1012: 45688.325 | J1012: 45688.326 | K1012: =IF(AND(ISNUMBER(D1012),ISNUMBER(E1012)),(E1012-D1012),"") | L1012: =IF(AND(ISNUMBER(F1012),ISNUMBER(I1012)),(I1012-F1012),"")
A1013: 1030311 | B1013: 10303 | C1013: 45687.3 | D1013: 45687.302 | E1013: 45687.337 | F1013: 45687.338 | G1013: OBT300125131403-Wien Kledering | H1013: 45687.551 | I1013: 45688.458 | J1013: 45688.459 | K1013: =IF(AND(ISNUMBER(D1013),ISNUMBER(E1013)),(E1013-D1013),"") | L1013: =IF(AND(ISNUMBER(F1013),ISNUMBER(I1013)),(I1013-F1013),"")
A1014: 1030312 | B1014: 10303 | C1014: 45687.3 | D1014: 45687.302 | E1014: 45687.338 | F1014: 45687.339 | G1014: OBT300125081913-Wr. Neustadt Ausfahrbf (Furtenbach) | H1014: 45687.347 | I1014: 45688.405 | J1014: 45688.407 | K1014: =IF(AND(ISNUMBER(D1014),ISNUMBER(E1014)),(E1014-D1014),"") | L1014: =IF(AND(ISNUMBER(F1014),ISNUMBER(I1014)),(I1014-F1014),"")
A1015: 1030401 | B1015: 10304 | C1015: 45687.327 | D1015: 45687.33 | E1015: 45687.34 | F1015: 45687.343 | G1015: OBT300125081913-Wr. Neustadt Ausfahrbf (Furtenbach) | H1015: 45687.347 | I1015: 45688.405 | J1015: 45688.407 | K1015: =IF(AND(ISNUMBER(D1015),ISNUMBER(E1015)),(E1015-D1015),"") | L1015: =IF(AND(ISNUMBER(F1015),ISNUMBER(I1015)),(I1015-F1015),"")
A1016: 1030501 | B1016: 10305 | C1016: 45687.348 | D1016: 45687.35 | E1016: 45687.358 | F1016: 45687.36 | G1016: OBT300125085102-St. Veit an der Glan | H1016: 45687.369 | I1016: 45688.369 | J1016: 45688.37 | K1016: =IF(AND(ISNUMBER(D1016),ISNUMBER(E1016)),(E1016-D1016),"") | L1016: =IF(AND(ISNUMBER(F1016),ISNUMBER(I1016)),(I1016-F1016),"")
A1017: 1030503 | B1017: 10305 | C1017: 45687.348 | D1017: 45687.35 | E1017: 45687.358 | F1017: 45687.36 | G1017: OBT300125085102-St. Veit an der Glan | H1017: 45687.369 | I1017: 45688.369 | J1017: 45688.37 | K1017: =IF(AND(ISNUMBER(D1017),ISNUMBER(E1017)),(E1017-D1017),"") | L1017: =IF(AND(ISNUMBER(F1017),ISNUMBER(I1017)),(I1017-F1017),"")
A1018: 1030601 | B1018: 10306 | C1018: 45687.38 | D1018: 45687.383 | E1018: 45687.394 | F1018: 45687.397 | G1018: OBT300125093406-Wr. Neustadt (Hödlmayr) | H1018: 45687.399 | I1018: 45688.407 | J1018: 45688.408 | K1018: =IF(AND(ISNUMBER(D1018),ISNUMBER(E1018)),(E1018-D1018),"") | L1018: =IF(AND(ISNUMBER(F1018),ISNUMBER(I1018)),(I1018-F1018),"")
A1019: 1030602 | B1019: 10306 | C1019: 45687.38 | D1019: 45687.383 | E1019: 45687.397 | F1019: 45687.399 | G1019: OBT310125080145-Wr. Neustadt (Brenntag) | H1019: 45688.335 | I1019: 45688.884 | J1019: 45688.885 | K1019: =IF(AND(ISNUMBER(D1019),ISNUMBER(E1019)),(E1019-D1019),"") | L1019: =IF(AND(ISNUMBER(F1019),ISNUMBER(I1019)),(I1019-F1019),"")
A1020: 1030603 | B1020: 10306 | C1020: 45687.38 | D1020: 45687.383 | E1020: 45687.399 | F1020: 45687.401 | K1020: =IF(AND(ISNUMBER(D1020),ISNUMBER(E1020)),(E1020-D1020),"") | L1020: =IF(AND(ISNUMBER(F1020),ISNUMBER(I1020)),(I1020-F1020),"")
A1021: 1030604 | B1021: 10306 | C1021: 45687.38 | D1021: 45687.383 | E1021: 45687.401 | F1021: 45687.403 | G1021: OBT300125153249-Neudörfl (FunderMax) | H1021: 45687.648 | I1021: 45688.484 | J1021: 45688.485 | K1021: =IF(AND(ISNUMBER(D1021),ISNUMBER(E1021)),(E1021-D1021),"") | L1021: =IF(AND(ISNUMBER(F1021),ISNUMBER(I1021)),(I1021-F1021),"")
A1022: 1030605 | B1022: 10306 | C1022: 45687.38 | D1022: 45687.383 | E1022: 45687.403 | F1022: 45687.405 | G1022: OBT310125075821-Ternitz (Schoeller-Bleckmann) | H1022: 45688.332 | I1022: 45688.771 | J1022: 45688.772 | K1022: =IF(AND(ISNUMBER(D1022),ISNUMBER(E1022)),(E1022-D1022),"") | L1022: =IF(AND(ISNUMBER(F1022),ISNUMBER(I1022)),(I1022-F1022),"")
A1023: 1030801 | B1023: 10308 | C1023: 45687.539 | D1023: 45687.542 | E1023: 45687.547 | F1023: 45687.549 | G1023: OBT300125131403-Wien Kledering | H1023: 45687.551 | I1023: 45688.458 | J1023: 45688.459 | K1023: =IF(AND(ISNUMBER(D1023),ISNUMBER(E1023)),(E1023-D1023),"") | L1023: =IF(AND(ISNUMBER(F1023),ISNUMBER(I1023)),(I1023-F1023),"")
A1024: 1031001 | B1024: 10310 | C1024: 45687.619 | D1024: 45687.621 | E1024: 45687.634 | F1024: 45687.636 | G1024: OBT310125075821-Ternitz (Schoeller-Bleckmann) | H1024: 45688.332 | I1024: 45688.771 | J1024: 45688.772 | K1024: =IF(AND(ISNUMBER(D1024),ISNUMBER(E1024)),(E1024-D1024),"") | L1024: =IF(AND(ISNUMBER(F1024),ISNUMBER(I1024)),(I1024-F1024),"")
A1025: 1031002 | B1025: 10310 | C1025: 45687.619 | D1025: 45687.621 | E1025: 45687.636 | F1025: 45687.638 | G1025: OBT310125161451-Steinabrückl/Wöllersdorf | H1025: 45688.677 | K1025: =IF(AND(ISNUMBER(D1025),ISNUMBER(E1025)),(E1025-D1025),"") | L1025: =IF(AND(ISNUMBER(F1025),ISNUMBER(I1025)),(I1025-F1025),"")
A1026: 1031003 | B1026: 10310 | C1026: 45687.619 | D1026: 45687.621 | E1026: 45687.638 | F1026: 45687.64 | G1026: OBT310125080145-Wr. Neustadt (Brenntag) | H1026: 45688.335 | I1026: 45688.884 | J1026: 45688.885 | K1026: =IF(AND(ISNUMBER(D1026),ISNUMBER(E1026)),(E1026-D1026),"") | L1026: =IF(AND(ISNUMBER(F1026),ISNUMBER(I1026)),(I1026-F1026),"")
A1027: 1031004 | B1027: 10310 | C1027: 45687.619 | D1027: 45687.621 | E1027: 45687.64 | F1027: 45687.642 | G1027: OBT300125153249-Neudörfl (FunderMax) | H1027: 45687.648 | I1027: 45688.484 | J1027: 45688.485 | K1027: =IF(AND(ISNUMBER(D1027),ISNUMBER(E1027)),(E1027-D1027),"") | L1027: =IF(AND(ISNUMBER(F1027),ISNUMBER(I1027)),(I1027-F1027),"")
A1028: 1031005 | B1028: 10310 | C1028: 45687.619 | D1028: 45687.621 | E1028: 45687.642 | F1028: 45687.644 | G1028: OBT300125153249-Neudörfl (FunderMax) | H1028: 45687.648 | I1028: 45688.484 | J1028: 45688.485 | K1028: =IF(AND(ISNUMBER(D1028),ISNUMBER(E1028)),(E1028-D1028),"") | L1028: =IF(AND(ISNUMBER(F1028),ISNUMBER(I1028)),(I1028-F1028),"")
A1029: 1031007 | B1029: 10310 | C1029: 45687.619 | D1029: 45687.621 | E1029: 45687.644 | F1029: 45687.646 | G1029: OBT300125153454-Other sidings south | H1029: 45687.649 | I1029: 45688.555 | J1029: 45688.556 | K1029: =IF(AND(ISNUMBER(D1029),ISNUMBER(E1029)),(E1029-D1029),"") | L1029: =IF(AND(ISNUMBER(F1029),ISNUMBER(I1029)),(I1029-F1029),"")
A1030: 1031008 | B1030: 10310 | C1030: 45687.619 | D1030: 45687.621 | E1030: 45687.646 | F1030: 45687.648 | G1030: OBT300125204557-Wien Kledering | H1030: 45687.865 | I1030: 45688.723 | J1030: 45688.725 | K1030: =IF(AND(ISNUMBER(D1030),ISNUMBER(E1030)),(E1030-D1030),"") | L1030: =IF(AND(ISNUMBER(F1030),ISNUMBER(I1030)),(I1030-F1030),"")
A1031: 1031101 | B1031: 10311 | C1031: 45687.648 | D1031: 45687.649 | E1031: 45687.653 | F1031: 45687.654 | G1031: OBT300125200005-Wien Kledering | H1031: 45687.833 | I1031: 45688.634 | J1031: 45688.635 | K1031: =IF(AND(ISNUMBER(D1031),ISNUMBER(E1031)),(E1031-D1031),"") | L1031: =IF(AND(ISNUMBER(F1031),ISNUMBER(I1031)),(I1031-F1031),"")
A1032: 1031201 | B1032: 10312 | C1032: 45687.724 | D1032: 45687.725 | E1032: 45687.729 | F1032: 45687.731 | G1032: OBT300125200005-Wien Kledering | H1032: 45687.833 | I1032: 45688.634 | J1032: 45688.635 | K1032: =IF(AND(ISNUMBER(D1032),ISNUMBER(E1032)),(E1032-D1032),"") | L1032: =IF(AND(ISNUMBER(F1032),ISNUMBER(I1032)),(I1032-F1032),"")
A1033: 1031301 | B1033: 10313 | C1033: 45687.821 | D1033: 45687.823 | E1033: 45687.828 | F1033: 45687.829 | G1033: OBT300125200005-Wien Kledering | H1033: 45687.833 | I1033: 45688.634 | J1033: 45688.635 | K1033: =IF(AND(ISNUMBER(D1033),ISNUMBER(E1033)),(E1033-D1033),"") | L1033: =IF(AND(ISNUMBER(F1033),ISNUMBER(I1033)),(I1033-F1033),"")
A1034: 1031401 | B1034: 10314 | C1034: 45687.851 | D1034: 45687.853 | E1034: 45687.86 | F1034: 45687.863 | G1034: OBT300125204557-Wien Kledering | H1034: 45687.865 | I1034: 45688.723 | J1034: 45688.725 | K1034: =IF(AND(ISNUMBER(D1034),ISNUMBER(E1034)),(E1034-D1034),"") | L1034: =IF(AND(ISNUMBER(F1034),ISNUMBER(I1034)),(I1034-F1034),"")
A1035: 1031501 | B1035: 10315 | C1035: 45688.116 | D1035: 45688.118 | E1035: 45688.128 | F1035: 45688.129 | G1035: OBT310125142730-Wien Kledering | H1035: 45688.602 | K1035: =IF(AND(ISNUMBER(D1035),ISNUMBER(E1035)),(E1035-D1035),"") | L1035: =IF(AND(ISNUMBER(F1035),ISNUMBER(I1035)),(I1035-F1035),"")
A1036: 1031502 | B1036: 10315 | C1036: 45688.116 | D1036: 45688.118 | E1036: 45688.129 | F1036: 45688.131 | G1036: OBT310125075536-Neunkirchen (loading tracks) | H1036: 45688.33 | I1036: 45688.781 | J1036: 45688.782 | K1036: =IF(AND(ISNUMBER(D1036),ISNUMBER(E1036)),(E1036-D1036),"") | L1036: =IF(AND(ISNUMBER(F1036),ISNUMBER(I1036)),(I1036-F1036),"")
A1037: 1031503 | B1037: 10315 | C1037: 45688.116 | D1037: 45688.118 | E1037: 45688.131 | F1037: 45688.132 | G1037: OBT310125162356-Other sidings south | H1037: 45688.683 | K1037: =IF(AND(ISNUMBER(D1037),ISNUMBER(E1037)),(E1037-D1037),"") | L1037: =IF(AND(ISNUMBER(F1037),ISNUMBER(I1037)),(I1037-F1037),"")
A1038: 1031504 | B1038: 10315 | C1038: 45688.116 | D1038: 45688.118 | E1038: 45688.132 | F1038: 45688.133 | G1038: OBT310125142730-Wien Kledering | H1038: 45688.602 | K1038: =IF(AND(ISNUMBER(D1038),ISNUMBER(E1038)),(E1038-D1038),"") | L1038: =IF(AND(ISNUMBER(F1038),ISNUMBER(I1038)),(I1038-F1038),"")
A1039: 1031505 | B1039: 10315 | C1039: 45688.116 | D1039: 45688.118 | E1039: 45688.133 | F1039: 45688.135 | G1039: OBT310125075821-Ternitz (Schoeller-Bleckmann) | H1039: 45688.332 | I1039: 45688.771 | J1039: 45688.772 | K1039: =IF(AND(ISNUMBER(D1039),ISNUMBER(E1039)),(E1039-D1039),"") | L1039: =IF(AND(ISNUMBER(F1039),ISNUMBER(I1039)),(I1039-F1039),"")
A1040: 1031701 | B1040: 10317 | C1040: 45688.248 | D1040: 45688.25 | E1040: 45688.256 | F1040: 45688.258 | G1040: OBT310125061436-Wien Kledering | H1040: 45688.26 | I1040: 45688.708 | J1040: 45688.709 | K1040: =IF(AND(ISNUMBER(D1040),ISNUMBER(E1040)),(E1040-D1040),"") | L1040: =IF(AND(ISNUMBER(F1040),ISNUMBER(I1040)),(I1040-F1040),"")
A1041: 1031801 | B1041: 10318 | C1041: 45688.291 | D1041: 45688.293 | E1041: 45688.297 | F1041: 45688.299 | G1041: OBT310125074214-Wien Kledering | H1041: 45688.321 | I1041: 45688.717 | J1041: 45688.718 | K1041: =IF(AND(ISNUMBER(D1041),ISNUMBER(E1041)),(E1041-D1041),"") | L1041: =IF(AND(ISNUMBER(F1041),ISNUMBER(I1041)),(I1041-F1041),"")
A1042: 1031901 | B1042: 10319 | C1042: 45688.294 | D1042: 45688.297 | E1042: 45688.314 | F1042: 45688.315 | G1042: OBT310125155832-Neudörfl (FunderMax) | H1042: 45688.666 | K1042: =IF(AND(ISNUMBER(D1042),ISNUMBER(E1042)),(E1042-D1042),"") | L1042: =IF(AND(ISNUMBER(F1042),ISNUMBER(I1042)),(I1042-F1042),"")
A1043: 1031902 | B1043: 10319 | C1043: 45688.294 | D1043: 45688.297 | E1043: 45688.315 | F1043: 45688.317 | G1043: OBT310125074214-Wien Kledering | H1043: 45688.321 | I1043: 45688.717 | J1043: 45688.718 | K1043: =IF(AND(ISNUMBER(D1043),ISNUMBER(E1043)),(E1043-D1043),"") | L1043: =IF(AND(ISNUMBER(F1043),ISNUMBER(I1043)),(I1043-F1043),"")
A1044: 1031903 | B1044: 10319 | C1044: 45688.294 | D1044: 45688.297 | E1044: 45688.317 | F1044: 45688.319 | G1044: OBT310125155832-Neudörfl (FunderMax) | H1044: 45688.666 | K1044: =IF(AND(ISNUMBER(D1044),ISNUMBER(E1044)),(E1044-D1044),"") | L1044: =IF(AND(ISNUMBER(F1044),ISNUMBER(I1044)),(I1044-F1044),"")
A1045: 1031904 | B1045: 10319 | C1045: 45688.294 | D1045: 45688.297 | E1045: 45688.319 | F1045: 45688.321 | G1045: OBT310125075821-Ternitz (Schoeller-Bleckmann) | H1045: 45688.332 | I1045: 45688.771 | J1045: 45688.772 | K1045: =IF(AND(ISNUMBER(D1045),ISNUMBER(E1045)),(E1045-D1045),"") | L1045: =IF(AND(ISNUMBER(F1045),ISNUMBER(I1045)),(I1045-F1045),"")
A1046: 1031905 | B1046: 10319 | C1046: 45688.294 | D1046: 45688.297 | E1046: 45688.321 | F1046: 45688.323 | G1046: OBT310125155632-Pitten (Hamburger) | H1046: 45688.664 | K1046: =IF(AND(ISNUMBER(D1046),ISNUMBER(E1046)),(E1046-D1046),"") | L1046: =IF(AND(ISNUMBER(F1046),ISNUMBER(I1046)),(I1046-F1046),"")
A1047: 1031907 | B1047: 10319 | C1047: 45688.294 | D1047: 45688.297 | E1047: 45688.323 | F1047: 45688.325 | G1047: OBT310125080145-Wr. Neustadt (Brenntag) | H1047: 45688.335 | I1047: 45688.884 | J1047: 45688.885 | K1047: =IF(AND(ISNUMBER(D1047),ISNUMBER(E1047)),(E1047-D1047),"") | L1047: =IF(AND(ISNUMBER(F1047),ISNUMBER(I1047)),(I1047-F1047),"")
A1048: 1031908 | B1048: 10319 | C1048: 45688.294 | D1048: 45688.297 | E1048: 45688.325 | F1048: 45688.327 | G1048: OBT310125075536-Neunkirchen (loading tracks) | H1048: 45688.33 | I1048: 45688.781 | J1048: 45688.782 | K1048: =IF(AND(ISNUMBER(D1048),ISNUMBER(E1048)),(E1048-D1048),"") | L1048: =IF(AND(ISNUMBER(F1048),ISNUMBER(I1048)),(I1048-F1048),"")
A1049: 1031910 | B1049: 10319 | C1049: 45688.294 | D1049: 45688.297 | E1049: 45688.327 | F1049: 45688.329 | G1049: OBT310125075821-Ternitz (Schoeller-Bleckmann) | H1049: 45688.332 | I1049: 45688.771 | J1049: 45688.772 | K1049: =IF(AND(ISNUMBER(D1049),ISNUMBER(E1049)),(E1049-D1049),"") | L1049: =IF(AND(ISNUMBER(F1049),ISNUMBER(I1049)),(I1049-F1049),"")
A1050: 1031911 | B1050: 10319 | C1050: 45688.294 | D1050: 45688.297 | E1050: 45688.329 | F1050: 45688.331 | G1050: OBT310125080145-Wr. Neustadt (Brenntag) | H1050: 45688.335 | I1050: 45688.884 | J1050: 45688.885 | K1050: =IF(AND(ISNUMBER(D1050),ISNUMBER(E1050)),(E1050-D1050),"") | L1050: =IF(AND(ISNUMBER(F1050),ISNUMBER(I1050)),(I1050-F1050),"")
A1051: 1032001 | B1051: 10320 | C1051: 45688.334 | D1051: 45688.336 | E1051: 45688.343 | F1051: 45688.345 | G1051: OBT310125082055-Wien Kledering | H1051: 45688.348 | K1051: =IF(AND(ISNUMBER(D1051),ISNUMBER(E1051)),(E1051-D1051),"") | L1051: =IF(AND(ISNUMBER(F1051),ISNUMBER(I1051)),(I1051-F1051),"")
A1052: 1032101 | B1052: 10321 | C1052: 45688.369 | D1052: 45688.371 | E1052: 45688.378 | F1052: 45688.38 | G1052: OBT310125091105-Wien Kledering | H1052: 45688.383 | K1052: =IF(AND(ISNUMBER(D1052),ISNUMBER(E1052)),(E1052-D1052),"") | L1052: =IF(AND(ISNUMBER(F1052),ISNUMBER(I1052)),(I1052-F1052),"")
A1053: 1032102 | B1053: 10321 | C1053: 45688.369 | D1053: 45688.371 | E1053: 45688.38 | F1053: 45688.382 | G1053: OBT310125110109-St. Veit an der Glan | H1053: 45688.459 | K1053: =IF(AND(ISNUMBER(D1053),ISNUMBER(E1053)),(E1053-D1053),"") | L1053: =IF(AND(ISNUMBER(F1053),ISNUMBER(I1053)),(I1053-F1053),"")
A1054: 1032201 | B1054: 10322 | C1054: 45688.375 | D1054: 45688.377 | E1054: 45688.391 | F1054: 45688.393 | G1054: OBT310125155632-Pitten (Hamburger) | H1054: 45688.664 | K1054: =IF(AND(ISNUMBER(D1054),ISNUMBER(E1054)),(E1054-D1054),"") | L1054: =IF(AND(ISNUMBER(F1054),ISNUMBER(I1054)),(I1054-F1054),"")
A1055: 1032203 | B1055: 10322 | C1055: 45688.375 | D1055: 45688.377 | E1055: 45688.393 | F1055: 45688.394 | G1055: OBT310125161451-Steinabrückl/Wöllersdorf | H1055: 45688.677 | K1055: =IF(AND(ISNUMBER(D1055),ISNUMBER(E1055)),(E1055-D1055),"") | L1055: =IF(AND(ISNUMBER(F1055),ISNUMBER(I1055)),(I1055-F1055),"")
A1056: 1032204 | B1056: 10322 | C1056: 45688.375 | D1056: 45688.377 | E1056: 45688.394 | F1056: 45688.396 | K1056: =IF(AND(ISNUMBER(D1056),ISNUMBER(E1056)),(E1056-D1056),"") | L1056: =IF(AND(ISNUMBER(F1056),ISNUMBER(I1056)),(I1056-F1056),"")
A1057: 1032205 | B1057: 10322 | C1057: 45688.375 | D1057: 45688.377 | E1057: 45688.396 | F1057: 45688.398 | G1057: OBT310125161451-Steinabrückl/Wöllersdorf | H1057: 45688.677 | K1057: =IF(AND(ISNUMBER(D1057),ISNUMBER(E1057)),(E1057-D1057),"") | L1057: =IF(AND(ISNUMBER(F1057),ISNUMBER(I1057)),(I1057-F1057),"")
A1058: 1032206 | B1058: 10322 | C1058: 45688.375 | D1058: 45688.377 | E1058: 45688.398 | F1058: 45688.4 | G1058: OBT310125162356-Other sidings south | H1058: 45688.683 | K1058: =IF(AND(ISNUMBER(D1058),ISNUMBER(E1058)),(E1058-D1058),"") | L1058: =IF(AND(ISNUMBER(F1058),ISNUMBER(I1058)),(I1058-F1058),"")
A1059: 1032208 | B1059: 10322 | C1059: 45688.375 | D1059: 45688.377 | E1059: 45688.4 | F1059: 45688.402 | G1059: OBT310125155632-Pitten (Hamburger) | H1059: 45688.664 | K1059: =IF(AND(ISNUMBER(D1059),ISNUMBER(E1059)),(E1059-D1059),"") | L1059: =IF(AND(ISNUMBER(F1059),ISNUMBER(I1059)),(I1059-F1059),"")
A1060: 1032301 | B1060: 10323 | C1060: 45688.439 | D1060: 45688.442 | E1060: 45688.451 | F1060: 45688.454 | G1060: OBT310125105654-Wien Kledering | H1060: 45688.456 | K1060: =IF(AND(ISNUMBER(D1060),ISNUMBER(E1060)),(E1060-D1060),"") | L1060: =IF(AND(ISNUMBER(F1060),ISNUMBER(I1060)),(I1060-F1060),"")
A1061: 1032302 | B1061: 10323 | C1061: 45688.439 | D1061: 45688.442 | E1061: 45688.454 | F1061: 45688.455 | G1061: OBT310125110109-St. Veit an der Glan | H1061: 45688.459 | K1061: =IF(AND(ISNUMBER(D1061),ISNUMBER(E1061)),(E1061-D1061),"") | L1061: =IF(AND(ISNUMBER(F1061),ISNUMBER(I1061)),(I1061-F1061),"")
A1062: 1032303 | B1062: 10323 | C1062: 45688.439 | D1062: 45688.442 | E1062: 45688.455 | F1062: 45688.457 | G1062: OBT310125124603-Wien Kledering | H1062: 45688.532 | K1062: =IF(AND(ISNUMBER(D1062),ISNUMBER(E1062)),(E1062-D1062),"") | L1062: =IF(AND(ISNUMBER(F1062),ISNUMBER(I1062)),(I1062-F1062),"")
A1063: 1032401 | B1063: 10324 | C1063: 45688.519 | D1063: 45688.521 | E1063: 45688.526 | F1063: 45688.528 | G1063: OBT310125124603-Wien Kledering | H1063: 45688.532 | K1063: =IF(AND(ISNUMBER(D1063),ISNUMBER(E1063)),(E1063-D1063),"") | L1063: =IF(AND(ISNUMBER(F1063),ISNUMBER(I1063)),(I1063-F1063),"")
A1064: 1032501 | B1064: 10325 | C1064: 45688.591 | D1064: 45688.593 | E1064: 45688.599 | F1064: 45688.6 | G1064: OBT310125142730-Wien Kledering | H1064: 45688.602 | K1064: =IF(AND(ISNUMBER(D1064),ISNUMBER(E1064)),(E1064-D1064),"") | L1064: =IF(AND(ISNUMBER(F1064),ISNUMBER(I1064)),(I1064-F1064),"")
A1065: 1032601 | B1065: 10326 | C1065: 45688.626 | D1065: 45688.628 | E1065: 45688.641 | F1065: 45688.643 | G1065: OBT310125160801-Other sidings north | H1065: 45688.672 | K1065: =IF(AND(ISNUMBER(D1065),ISNUMBER(E1065)),(E1065-D1065),"") | L1065: =IF(AND(ISNUMBER(F1065),ISNUMBER(I1065)),(I1065-F1065),"")
A1066: 1032602 | B1066: 10326 | C1066: 45688.626 | D1066: 45688.628 | E1066: 45688.643 | F1066: 45688.645 | K1066: =IF(AND(ISNUMBER(D1066),ISNUMBER(E1066)),(E1066-D1066),"") | L1066: =IF(AND(ISNUMBER(F1066),ISNUMBER(I1066)),(I1066-F1066),"")
A1067: 1032603 | B1067: 10326 | C1067: 45688.626 | D1067: 45688.628 | E1067: 45688.645 | F1067: 45688.647 | G1067: OBT310125155632-Pitten (Hamburger) | H1067: 45688.664 | K1067: =IF(AND(ISNUMBER(D1067),ISNUMBER(E1067)),(E1067-D1067),"") | L1067: =IF(AND(ISNUMBER(F1067),ISNUMBER(I1067)),(I1067-F1067),"")
A1068: 1032604 | B1068: 10326 | C1068: 45688.626 | D1068: 45688.628 | E1068: 45688.647 | F1068: 45688.649 | G1068: OBT310125161451-Steinabrückl/Wöllersdorf | H1068: 45688.677 | K1068: =IF(AND(ISNUMBER(D1068),ISNUMBER(E1068)),(E1068-D1068),"") | L1068: =IF(AND(ISNUMBER(F1068),ISNUMBER(I1068)),(I1068-F1068),"")
A1069: 1032605 | B1069: 10326 | C1069: 45688.626 | D1069: 45688.628 | E1069: 45688.649 | F1069: 45688.65 | K1069: =IF(AND(ISNUMBER(D1069),ISNUMBER(E1069)),(E1069-D1069),"") | L1069: =IF(AND(ISNUMBER(F1069),ISNUMBER(I1069)),(I1069-F1069),"")
A1070: 1032606 | B1070: 10326 | C1070: 45688.626 | D1070: 45688.628 | E1070: 45688.65 | F1070: 45688.652 | K1070: =IF(AND(ISNUMBER(D1070),ISNUMBER(E1070)),(E1070-D1070),"") | L1070: =IF(AND(ISNUMBER(F1070),ISNUMBER(I1070)),(I1070-F1070),"")
A1071: 1032607 | B1071: 10326 | C1071: 45688.626 | D1071: 45688.628 | E1071: 45688.652 | F1071: 45688.654 | G1071: OBT310125155632-Pitten (Hamburger) | H1071: 45688.664 | K1071: =IF(AND(ISNUMBER(D1071),ISNUMBER(E1071)),(E1071-D1071),"") | L1071: =IF(AND(ISNUMBER(F1071),ISNUMBER(I1071)),(I1071-F1071),"")
...

Sheet Activities (raw)
A1: ActivityType | B1: ActivityId | C1: Entity | D1: Length (m) | E1: From | F1: To | G1: Drive length (m) | H1: InitializedAt | I1: StartedAt | J1: CompletedAt | K1: Duration (hh:mm:ss) | L1: Number of separation joints
A2: ArrivalDrive | B2: Act_ARRD_10001_023944_703 | C2: 10001 | D2: 227 | E2: Entry gate | F2: 703 | G2: 766.25 | H2: 45659.111 | I2: 45659.111 | J2: 45659.113 | K2: 0.0021180556
A3: ArrivalDrive | B3: Act_ARRD_10002_062740_703 | C3: 10002 | D3: 182.7 | E3: Entry gate | F3: 703 | G3: 766.25 | H3: 45659.269 | I3: 45659.269 | J3: 45659.271 | K3: 0.0020138889
A4: ArrivalDrive | B4: Act_ARRD_10003_070901_727 | C4: 10003 | D4: 578.2 | E4: Entry gate | F4: 727 | G4: 556.2 | H4: 45659.298 | I4: 45659.298 | J4: 45659.3 | K4: 0.0024884259
A5: ArrivalDrive | B5: Act_ARRD_10004_072151_703 | C5: 10004 | D5: 189 | E5: Entry gate | F5: 703 | G5: 766.25 | H5: 45659.307 | I5: 45659.307 | J5: 45659.309 | K5: 0.002025463
A6: ArrivalDrive | B6: Act_ARRD_10005_080044_703 | C6: 10005 | D6: 396.6 | E6: Entry gate | F6: 703 | G6: 766.25 | H6: 45659.334 | I6: 45659.334 | J6: 45659.336 | K6: 0.0025115741
A7: ArrivalDrive | B7: Act_ARRD_10006_084833_703 | C7: 10006 | D7: 440.3 | E7: Entry gate | F7: 703 | G7: 766.25 | H7: 45659.367 | I7: 45659.367 | J7: 45659.37 | K7: 0.0026041667
A8: ArrivalDrive | B8: Act_ARRD_10007_090010_727 | C8: 10007 | D8: 212.7 | E8: Entry gate | F8: 727 | G8: 556.2 | H8: 45659.375 | I8: 45659.375 | J8: 45659.377 | K8: 0.0016435185
A9: ArrivalDrive | B9: Act_ARRD_10008_102903_703 | C9: 10008 | D9: 387.1 | E9: Entry gate | F9: 703 | G9: 766.25 | H9: 45659.437 | I9: 45659.437 | J9: 45659.439 | K9: 0.0024884259
A10: ArrivalDrive | B10: Act_ARRD_10009_143420_703 | C10: 10009 | D10: 287.1 | E10: Entry gate | F10: 703 | G10: 766.25 | H10: 45659.607 | I10: 45659.607 | J10: 45659.609 | K10: 0.0022569444
A11: ArrivalDrive | B11: Act_ARRD_10010_145932_727 | C11: 10010 | D11: 571.9 | E11: Entry gate | F11: 727 | G11: 556.2 | H11: 45659.625 | I11: 45659.625 | J11: 45659.627 | K11: 0.0024768519
A12: ArrivalDrive | B12: Act_ARRD_10011_150203_703 | C12: 10011 | D12: 267.6 | E12: Entry gate | F12: 703 | G12: 766.25 | H12: 45659.626 | I12: 45659.626 | J12: 45659.629 | K12: 0.0022106481
A13: ArrivalDrive | B13: Act_ARRD_10012_174135_727 | C13: 10012 | D13: 581 | E13: Entry gate | F13: 727 | G13: 556.2 | H13: 45659.737 | I13: 45659.737 | J13: 45659.74 | K13: 0.0025
... A332: ArrivalDrive | B332: Act_ARRD_10331_200436_703 | C332: 10331 | D332: 351 | E332: Entry gate | F332: 703 | G332: 766.25 | H332: 45688.837 | I332: 45688.837 | J332: 45688.839 | K332: 0.0024074074
A333: Coupling | B333: Act_COP_1000301_074106_615 | C333: 1000301 | D333: 15.7 | H333: 45659.32 | I333: 45659.321 | J333: 45659.324 | K333: 0.0030555556
A334: Coupling | B334: Act_COP_1000304_074935_627 | C334: 1000304 | D334: 12 | H334: 45659.326 | I334: 45659.327 | J334: 45659.33 | K334: 0.0030555556
A335: Coupling | B335: Act_COP_1000309_080207_623 | C335: 1000309 | D335: 19.9 | H335: 45659.335 | I335: 45659.336 | J335: 45659.339 | K335: 0.0030555556
A336: Coupling | B336: Act_COP_1000311_080631_606 | C336: 1000311 | D336: 19.9 | H336: 45659.338 | I336: 45659.34 | J336: 45659.343 | K336: 0.0030555556
A337: Coupling | B337: Act_COP_1000601_092044_606 | C337: 1000601 | D337: 21 | H337: 45659.389 | I337: 45659.39 | J337: 45659.393 | K337: 0.0027777778
A338: Coupling | B338: Act_COP_1000602_092304_607 | C338: 1000602 | D338: 19.9 | H338: 45659.391 | I338: 45659.392 | J338: 45659.395 | K338: 0.0030555556
A339: Coupling | B339: Act_COP_1000603_092557_619 | C339: 1000603 | D339: 35.6 | H339: 45659.393 | I339: 45659.395 | J339: 45659.397 | K339: 0.0027777778
A340: Coupling | B340: Act_COP_1000604_092830_606 | C340: 1000604 | D340: 36.4 | H340: 45659.395 | I340: 45659.397 | J340: 45659.4 | K340: 0.0030555556
A341: Coupling | B341: Act_COP_1000605_093047_609 | C341: 1000605 | D341: 54 | H341: 45659.396 | I341: 45659.399 | J341: 45659.402 | K341: 0.0027777778
A342: Coupling | B342: Act_COP_1000606_093331_627 | C342: 1000606 | D342: 12 | H342: 45659.398 | I342: 45659.401 | J342: 45659.405 | K342: 0.0030555556
A343: Coupling | B343: Act_COP_1000607_093534_611 | C343: 1000607 | D343: 31.5 | H343: 45659.4 | I343: 45659.403 | J343: 45659.406 | K343: 0.0027777778
A344: Coupling | B344: Act_COP_1000610_094440_625 | C344: 1000610 | D344: 15.7 | H344: 45659.406 | I344: 45659.41 | J344: 45659.413 | K344: 0.0030555556
... A891: Coupling | B891: Act_COP_1033106_204159_605 | C891: 1033106 | D891: 19.9 | H891: 45688.862 | I891: 45688.863 | J891: 45688.866 | K891: 0.0030555556
A892: DepartureDrive | B892: Act_DEPD_OBT020125030112-Neunkirchen (loading tracks)_032825_613 | C892: OBT020125030112-Neunkirchen (loading tracks) | D892: 103.9 | E892: 613 | F892: Exit gate | G892: 205.9 | H892: 45659.145 | I892: 45659.145 | J892: 45659.145 | K892: 0.0006712963
A893: DepartureDrive | B893: Act_DEPD_OBT020125064334-Wien Kledering_073027_613 | C893: OBT020125064334-Wien Kledering | D893: 182.7 | E893: 613 | F893: Exit gate | G893: 205.9 | H893: 45659.313 | I893: 45659.313 | J893: 45659.314 | K893: 0.00085648148
A894: DepartureDrive | B894: Act_DEPD_OBT020125073857-Wien Kledering_082723_621 | C894: OBT020125073857-Wien Kledering | D894: 189 | E894: 621 | F894: Exit gate | G894: 259.31 | H894: 45659.352 | I894: 45659.352 | J894: 45659.353 | K894: 0.0009837963
A895: DepartureDrive | B895: Act_DEPD_OBT020125074750-Pitten (Hamburger)_085524_605 | C895: OBT020125074750-Pitten (Hamburger) | D895: 264.6 | E895: 605 | F895: Exit gate | G895: 286.14 | H895: 45659.372 | I895: 45659.372 | J895: 45659.373 | K895: 0.0012152778
A896: DepartureDrive | B896: Act_DEPD_OBT020125092035-Wien Kledering_095720_629 | C896: OBT020125092035-Wien Kledering | D896: 142.2 | E896: 629 | F896: Exit gate | G896: 182.11 | H896: 45659.415 | I896: 45659.415 | J896: 45659.416 | K896: 0.00070601852
A897: DepartureDrive | B897: Act_DEPD_OBT020125082044-Wien Kledering_100221_613 | C897: OBT020125082044-Wien Kledering | D897: 396.6 | E897: 613 | F897: Exit gate | G897: 205.9 | H897: 45659.418 | I897: 45659.418 | J897: 45659.42 | K897: 0.0013425926
A898: DepartureDrive | B898: Act_DEPD_OBT020125093825-Wr. Neustadt (Hödlmayr)_102645_609 | C898: OBT020125093825-Wr. Neustadt (Hödlmayr) | D898: 108 | E898: 609 | F898: Exit gate | G898: 259.16 | H898: 45659.435 | I898: 45659.435 | J898: 45659.436 | K898: 0.00078703704
A899: DepartureDrive | B899: Act_DEPD_OBT020125093208-Other sidings north_103010_619 | C899: OBT020125093208-Other sidings north | D899: 134.2 | E899: 619 | F899: Exit gate | G899: 262.93 | H899: 45659.438 | I899: 45659.438 | J899: 45659.438 | K899: 0.00086805556
A900: DepartureDrive | B900: Act_DEPD_OBT020125094857-Pitten (Hamburger)_105323_629 | C900: OBT020125094857-Pitten (Hamburger) | D900: 194.2 | E900: 629 | F900: Exit gate | G900: 182.11 | H900: 45659.454 | I900: 45659.454 | J900: 45659.455 | K900: 0.00083333333
A901: DepartureDrive | B901: Act_DEPD_OBT020125105809-Wien Kledering_123112_613 | C901: OBT020125105809-Wien Kledering | D901: 367.2 | E901: 613 | F901: Exit gate | G901: 205.9 | H901: 45659.522 | I901: 45659.522 | J901: 45659.523 | K901: 0.0012731481
A902: DepartureDrive | B902: Act_DEPD_OBT020125145206-Wien Kledering_160508_613 | C902: OBT020125145206-Wien Kledering | D902: 287.1 | E902: 613 | F902: Exit gate | G902: 205.9 | H902: 45659.67 | I902: 45659.67 | J902: 45659.671 | K902: 0.001087963
A903: DepartureDrive | B903: Act_DEPD_OBT020125154035-Neudörfl (FunderMax)_162159_606 | C903: OBT020125154035-Neudörfl (FunderMax) | D903: 114.8 | E903: 606 | F903: Exit gate | G903: 245 | H903: 45659.682 | I903: 45659.682 | J903: 45659.683 | K903: 0.00077546296
... A1301: DepartureDrive | B1301: Act_DEPD_OBT310125080145-Wr. Neustadt (Brenntag)_211323_619 | C1301: OBT310125080145-Wr. Neustadt (Brenntag) | D1301: 115.7 | E1301: 619 | F1301: Exit gate | G1301: 262.93 | H1301: 45688.884 | I1301: 45688.884 | J1301: 45688.885 | K1301: 0.00082175926
A1302: IncomingTrainPreparation | B1302: Act_ITP_10001_024247_703 | C1302: 10001 | D1302: 227 | H1302: 45659.113 | I1302: 45659.116 | J1302: 45659.12 | K1302: 0.0043171296 | L1302: 3
A1303: IncomingTrainPreparation | B1303: Act_ITP_10002_063034_703 | C1303: 10002 | D1303: 182.7 | H1303: 45659.271 | I1303: 45659.274 | J1303: 45659.275 | K1303: 0.001400463 | L1303: 0
A1304: IncomingTrainPreparation | B1304: Act_ITP_10003_071236_727 | C1304: 10003 | D1304: 578.2 | H1304: 45659.3 | I1304: 45659.303 | J1304: 45659.318 | K1304: 0.015011574 | L1304: 11
A1305: IncomingTrainPreparation | B1305: Act_ITP_10004_072446_703 | C1305: 10004 | D1305: 189 | H1305: 45659.309 | I1305: 45659.312 | J1305: 45659.313 | K1305: 0.0014467593 | L1305: 0
A1306: IncomingTrainPreparation | B1306: Act_ITP_10005_080421_703 | C1306: 10005 | D1306: 396.6 | H1306: 45659.336 | I1306: 45659.339 | J1306: 45659.342 | K1306: 0.0031944444 | L1306: 0
A1307: IncomingTrainPreparation | B1307: Act_ITP_10006_085218_703 | C1307: 10006 | D1307: 440.3 | H1307: 45659.37 | I1307: 45659.372 | J1307: 45659.386 | K1307: 0.013715278 | L1307: 9
A1308: IncomingTrainPreparation | B1308: Act_ITP_10007_090232_727 | C1308: 10007 | D1308: 212.7 | H1308: 45659.377 | I1308: 45659.38 | J1308: 45659.382 | K1308: 0.0024884259 | L1308: 1
A1309: IncomingTrainPreparation | B1309: Act_ITP_10008_103238_703 | C1309: 10008 | D1309: 387.1 | H1309: 45659.439 | I1309: 45659.442 | J1309: 45659.447 | K1309: 0.0050810185 | L1309: 2
A1310: IncomingTrainPreparation | B1310: Act_ITP_10009_143735_703 | C1310: 10009 | D1310: 287.1 | H1310: 45659.609 | I1310: 45659.612 | J1310: 45659.615 | K1310: 0.002349537 | L1310: 0
A1311: IncomingTrainPreparation | B1311: Act_ITP_10010_150306_727 | C1311: 10010 | D1311: 571.9 | H1311: 45659.627 | I1311: 45659.63 | J1311: 45659.642 | K1311: 0.011724537 | L1311: 7
A1312: IncomingTrainPreparation | B1312: Act_ITP_10011_150514_703 | C1312: 10011 | D1312: 267.6 | H1312: 45659.629 | I1312: 45659.631 | J1312: 45659.634 | K1312: 0.0021990741 | L1312: 0
A1313: IncomingTrainPreparation | B1313: Act_ITP_10012_174511_727 | C1313: 10012 | D1313: 581 | H1313: 45659.74 | I1313: 45659.742 | J1313: 45659.758 | K1313: 0.015983796 | L1313: 10
... A1632: IncomingTrainPreparation | B1632: Act_ITP_10331_200804_703 | C1632: 10331 | D1632: 351 | H1632: 45688.839 | I1632: 45688.842 | J1632: 45688.85 | K1632: 0.0084606481 | L1632: 5
A1633: OutboundTrainPreparation | B1633: Act_OBTP_OBT020125030112-Neunkirchen (loading tracks)_030112_613 | C1633: OBT020125030112-Neunkirchen (loading tracks) | D1633: 103.9 | H1633: 45659.126 | I1633: 45659.127 | J1633: 45659.145 | K1633: 0.018032407
A1634: OutboundTrainPreparation | B1634: Act_OBTP_OBT020125064334-Wien Kledering_064334_613 | C1634: OBT020125064334-Wien Kledering | D1634: 182.7 | H1634: 45659.28 | I1634: 45659.281 | J1634: 45659.313 | K1634: 0.031712963
A1635: OutboundTrainPreparation | B1635: Act_OBTP_OBT020125073857-Wien Kledering_073857_621 | C1635: OBT020125073857-Wien Kledering | D1635: 189 | H1635: 45659.319 | I1635: 45659.32 | J1635: 45659.352 | K1635: 0.032800926
A1636: OutboundTrainPreparation | B1636: Act_OBTP_OBT020125074750-Pitten (Hamburger)_074750_605 | C1636: OBT020125074750-Pitten (Hamburger) | D1636: 264.6 | H1636: 45659.325 | I1636: 45659.326 | J1636: 45659.372 | K1636: 0.0459375
A1637: OutboundTrainPreparation | B1637: Act_OBTP_OBT020125082044-Wien Kledering_082044_613 | C1637: OBT020125082044-Wien Kledering | D1637: 396.6 | H1637: 45659.348 | I1637: 45659.349 | J1637: 45659.418 | K1637: 0.068854167
A1638: OutboundTrainPreparation | B1638: Act_OBTP_OBT020125092035-Wien Kledering_092035_629 | C1638: OBT020125092035-Wien Kledering | D1638: 142.2 | H1638: 45659.389 | I1638: 45659.39 | J1638: 45659.415 | K1638: 0.0246875
A1639: OutboundTrainPreparation | B1639: Act_OBTP_OBT020125093208-Other sidings north_093208_619 | C1639: OBT020125093208-Other sidings north | D1639: 134.2 | H1639: 45659.397 | I1639: 45659.414 | J1639: 45659.438 | K1639: 0.023298611
A1640: OutboundTrainPreparation | B1640: Act_OBTP_OBT020125093825-Wr. Neustadt (Hödlmayr)_093825_609 | C1640: OBT020125093825-Wr. Neustadt (Hödlmayr) | D1640: 108 | H1640: 45659.402 | I1640: 45659.416 | J1640: 45659.435 | K1640: 0.01875
A1641: OutboundTrainPreparation | B1641: Act_OBTP_OBT020125094857-Pitten (Hamburger)_094857_629 | C1641: OBT020125094857-Pitten (Hamburger) | D1641: 194.2 | H1641: 45659.409 | I1641: 45659.42 | J1641: 45659.454 | K1641: 0.033703704
A1642: OutboundTrainPreparation | B1642: Act_OBTP_OBT020125105809-Wien Kledering_105809_613 | C1642: OBT020125105809-Wien Kledering | D1642: 367.2 | H1642: 45659.457 | I1642: 45659.458 | J1642: 45659.522 | K1642: 0.06375
A1643: OutboundTrainPreparation | B1643: Act_OBTP_OBT020125145206-Wien Kledering_145206_613 | C1643: OBT020125145206-Wien Kledering | D1643: 287.1 | H1643: 45659.62 | I1643: 45659.62 | J1643: 45659.67 | K1643: 0.049849537
A1644: OutboundTrainPreparation | B1644: Act_OBTP_OBT020125152222-Ternitz (Schoeller-Bleckmann)_152222_627 | C1644: OBT020125152222-Ternitz (Schoeller-Bleckmann) | D1644: 363.4 | H1644: 45659.641 | I1644: 45659.641 | J1644: 45659.704 | K1644: 0.063090278
... A2373: PushOff | B2373: Act_PO_10331_202415_703 | C2373: 10331 | D2373: 351 | H2373: 45688.85 | I2373: 45688.851 | J2373: 45688.862 | K2373: 0.011435185
A2374: PushOffDrive | B2374: Act_POD_1000101_025416_615 | C2374: 1000101 | D2374: 19.9 | E2374: 703 | F2374: 615 | G2374: 269.92 | H2374: 45659.121 | I2374: 45659.121 | J2374: 45659.122 | K2374: 0.0011689815
A2375: PushOffDrive | B2375: Act_POD_1000102_025557_613 | C2375: 1000102 | D2375: 103.9 | E2375: 703 | F2375: 613 | G2375: 297.43 | H2375: 45659.122 | I2375: 45659.122 | J2375: 45659.124 | K2375: 0.0014814815
A2376: PushOffDrive | B2376: Act_POD_1000103_025805_627 | C2376: 1000103 | D2376: 71.7 | E2376: 703 | F2376: 627 | G2376: 450.42 | H2376: 45659.124 | I2376: 45659.124 | J2376: 45659.126 | K2376: 0.0020486111
A2377: PushOffDrive | B2377: Act_POD_1000104_030102_625 | C2377: 1000104 | D2377: 31.5 | E2377: 703 | F2377: 625 | G2377: 477.75 | H2377: 45659.126 | I2377: 45659.126 | J2377: 45659.128 | K2377: 0.0020601852
A2378: PushOffDrive | B2378: Act_POD_1000201_063743_613 | C2378: 1000201 | D2378: 182.7 | E2378: 703 | F2378: 613 | G2378: 297.43 | H2378: 45659.276 | I2378: 45659.276 | J2378: 45659.278 | K2378: 0.0016666667
A2379: PushOffDrive | B2379: Act_POD_1000401_073206_621 | C2379: 1000401 | D2379: 189 | E2379: 703 | F2379: 621 | G2379: 459.96 | H2379: 45659.314 | I2379: 45659.314 | J2379: 45659.316 | K2379: 0.0023611111
A2380: PushOffDrive | B2380: Act_POD_1000301_073928_615 | C2380: 1000301 | D2380: 15.7 | E2380: 727 | F2380: 615 | G2380: 263.09 | H2380: 45659.319 | I2380: 45659.319 | J2380: 45659.32 | K2380: 0.0011342593
A2381: PushOffDrive | B2381: Act_POD_1000302_074106_605 | C2381: 1000302 | D2381: 264.6 | E2381: 727 | F2381: 605 | G2381: 398.6 | H2381: 45659.32 | I2381: 45659.32 | J2381: 45659.322 | K2381: 0.0022800926
A2382: PushOffDrive | B2382: Act_POD_1000303_074423_623 | C2382: 1000303 | D2382: 21 | E2382: 727 | F2382: 623 | G2382: 405.22 | H2382: 45659.322 | I2382: 45659.322 | J2382: 45659.324 | K2382: 0.0017361111
A2383: PushOffDrive | B2383: Act_POD_1000304_074653_627 | C2383: 1000304 | D2383: 12 | E2383: 727 | F2383: 627 | G2383: 443.59 | H2383: 45659.324 | I2383: 45659.324 | J2383: 45659.326 | K2383: 0.001875
A2384: PushOffDrive | B2384: Act_POD_1000305_074935_619 | C2384: 1000305 | D2384: 98.6 | E2384: 727 | F2384: 619 | G2384: 453.13 | H2384: 45659.326 | I2384: 45659.326 | J2384: 45659.328 | K2384: 0.0021180556
A2385: PushOffDrive | B2385: Act_POD_1000306_075238_606 | C2385: 1000306 | D2385: 21 | E2385: 727 | F2385: 606 | G2385: 398.2 | H2385: 45659.328 | I2385: 45659.328 | J2385: 45659.33 | K2385: 0.0017013889
... A3457: PushOffDrive | B3457: Act_POD_1033106_203929_605 | C3457: 1033106 | D3457: 19.9 | E3457: 703 | F3457: 605 | G3457: 405.43 | H3457: 45688.861 | I3457: 45688.861 | J3457: 45688.862 | K3457: 0.0017361111
A3458: Securing | B3458: Act_SEC_1000101_025557_615 | C3458: 1000101 | D3458: 19.9 | H3458: 45659.122 | I3458: 45659.123 | J3458: 45659.124 | K3458: 0.0013888889
A3459: Securing | B3459: Act_SEC_1000102_025805_613 | C3459: 1000102 | D3459: 103.9 | H3459: 45659.124 | I3459: 45659.124 | J3459: 45659.126 | K3459: 0.0013888889
A3460: Securing | B3460: Act_SEC_1000103_030102_627 | C3460: 1000103 | D3460: 71.7 | H3460: 45659.126 | I3460: 45659.127 | J3460: 45659.128 | K3460: 0.0013888889
A3461: Securing | B3461: Act_SEC_1000104_030400_625 | C3461: 1000104 | D3461: 31.5 | H3461: 45659.128 | I3461: 45659.129 | J3461: 45659.13 | K3461: 0.0013888889
A3462: Securing | B3462: Act_SEC_1000201_064007_613 | C3462: 1000201 | D3462: 182.7 | H3462: 45659.278 | I3462: 45659.279 | J3462: 45659.28 | K3462: 0.0015277778
A3463: Securing | B3463: Act_SEC_1000401_073530_621 | C3463: 1000401 | D3463: 189 | H3463: 45659.316 | I3463: 45659.317 | J3463: 45659.319 | K3463: 0.0015277778
A3464: Securing | B3464: Act_SEC_1000302_074423_605 | C3464: 1000302 | D3464: 264.6 | H3464: 45659.322 | I3464: 45659.323 | J3464: 45659.325 | K3464: 0.0015277778
A3465: Securing | B3465: Act_SEC_1000303_074653_623 | C3465: 1000303 | D3465: 21 | H3465: 45659.324 | I3465: 45659.325 | J3465: 45659.327 | K3465: 0.0015277778
A3466: Securing | B3466: Act_SEC_1000305_075238_619 | C3466: 1000305 | D3466: 98.6 | H3466: 45659.328 | I3466: 45659.329 | J3466: 45659.331 | K3466: 0.0015277778
A3467: Securing | B3467: Act_SEC_1000306_075505_606 | C3467: 1000306 | D3467: 21 | H3467: 45659.33 | I3467: 45659.332 | J3467: 45659.333 | K3467: 0.0015277778
A3468: Securing | B3468: Act_SEC_1000307_075722_607 | C3468: 1000307 | D3468: 15.7 | H3468: 45659.332 | I3468: 45659.332 | J3468: 45659.334 | K3468: 0.0015277778
A3469: Securing | B3469: Act_SEC_1000308_075937_609 | C3469: 1000308 | D3469: 54 | H3469: 45659.333 | I3469: 45659.335 | J3469: 45659.337 | K3469: 0.0015277778
... A3982: Securing | B3982: Act_SEC_1033104_203625_629 | C3982: 1033104 | D3982: 15.7 | H3982: 45688.859 | I3982: 45688.859 | J3982: 45688.861 | K3982: 0.0015277778

Sheet OBTs (raw)
A1: OBT Id | B1: Destination | C1: Track | D1: WG Count | E1: First WG Arrival | F1: OBT Created | G1: OBTP Start | H1: OBTP End | I1: DEPD Start | J1: DEPD End | K1: Formation Time (hh:mm:ss) | L1: Pre-OBTP Wait (hh:mm:ss) | M1: Gate Wait (hh:mm:ss) | N1: OBT Total on Classif Track (hh:mm:ss)
A2: OBT020125030112-Neunkirchen (loading tracks) | B2: Neunkirchen (loading tracks) | C2: 613 | D2: 1 | E2: 45659.124 | F2: 45659.126 | G2: 45659.127 | H2: 45659.145 | I2: 45659.145 | J2: 45659.145 | K2: =IF(AND(ISNUMBER(E2),ISNUMBER(F2)),(F2-E2),"") | L2: =IF(AND(ISNUMBER(F2),ISNUMBER(G2)),(G2-F2),"") | M2: =IF(AND(ISNUMBER(H2),ISNUMBER(I2)),(I2-H2),"") | N2: =IF(AND(ISNUMBER(E2),ISNUMBER(J2)),(J2-E2),"")
A3: OBT020125064334-Wien Kledering | B3: Wien Kledering | C3: 613 | D3: 1 | E3: 45659.278 | F3: 45659.28 | G3: 45659.281 | H3: 45659.313 | I3: 45659.313 | J3: 45659.314 | K3: =IF(AND(ISNUMBER(E3),ISNUMBER(F3)),(F3-E3),"") | L3: =IF(AND(ISNUMBER(F3),ISNUMBER(G3)),(G3-F3),"") | M3: =IF(AND(ISNUMBER(H3),ISNUMBER(I3)),(I3-H3),"") | N3: =IF(AND(ISNUMBER(E3),ISNUMBER(J3)),(J3-E3),"")
A4: OBT020125073857-Wien Kledering | B4: Wien Kledering | C4: 621 | D4: 1 | E4: 45659.316 | F4: 45659.319 | G4: 45659.32 | H4: 45659.352 | I4: 45659.352 | J4: 45659.353 | K4: =IF(AND(ISNUMBER(E4),ISNUMBER(F4)),(F4-E4),"") | L4: =IF(AND(ISNUMBER(F4),ISNUMBER(G4)),(G4-F4),"") | M4: =IF(AND(ISNUMBER(H4),ISNUMBER(I4)),(I4-H4),"") | N4: =IF(AND(ISNUMBER(E4),ISNUMBER(J4)),(J4-E4),"")
A5: OBT020125074750-Pitten (Hamburger) | B5: Pitten (Hamburger) | C5: 605 | D5: 1 | E5: 45659.322 | F5: 45659.325 | G5: 45659.326 | H5: 45659.372 | I5: 45659.372 | J5: 45659.373 | K5: =IF(AND(ISNUMBER(E5),ISNUMBER(F5)),(F5-E5),"") | L5: =IF(AND(ISNUMBER(F5),ISNUMBER(G5)),(G5-F5),"") | M5: =IF(AND(ISNUMBER(H5),ISNUMBER(I5)),(I5-H5),"") | N5: =IF(AND(ISNUMBER(E5),ISNUMBER(J5)),(J5-E5),"")
A6: OBT020125082044-Wien Kledering | B6: Wien Kledering | C6: 613 | D6: 1 | E6: 45659.345 | F6: 45659.348 | G6: 45659.349 | H6: 45659.418 | I6: 45659.418 | J6: 45659.42 | K6: =IF(AND(ISNUMBER(E6),ISNUMBER(F6)),(F6-E6),"") | L6: =IF(AND(ISNUMBER(F6),ISNUMBER(G6)),(G6-F6),"") | M6: =IF(AND(ISNUMBER(H6),ISNUMBER(I6)),(I6-H6),"") | N6: =IF(AND(ISNUMBER(E6),ISNUMBER(J6)),(J6-E6),"")
A7: OBT020125092035-Wien Kledering | B7: Wien Kledering | C7: 629 | D7: 1 | E7: 45659.387 | F7: 45659.389 | G7: 45659.39 | H7: 45659.415 | I7: 45659.415 | J7: 45659.416 | K7: =IF(AND(ISNUMBER(E7),ISNUMBER(F7)),(F7-E7),"") | L7: =IF(AND(ISNUMBER(F7),ISNUMBER(G7)),(G7-F7),"") | M7: =IF(AND(ISNUMBER(H7),ISNUMBER(I7)),(I7-H7),"") | N7: =IF(AND(ISNUMBER(E7),ISNUMBER(J7)),(J7-E7),"")
A8: OBT020125093208-Other sidings north | B8: Other sidings north | C8: 619 | D8: 2 | E8: 45659.328 | F8: 45659.397 | G8: 45659.414 | H8: 45659.438 | I8: 45659.438 | J8: 45659.438 | K8: =IF(AND(ISNUMBER(E8),ISNUMBER(F8)),(F8-E8),"") | L8: =IF(AND(ISNUMBER(F8),ISNUMBER(G8)),(G8-F8),"") | M8: =IF(AND(ISNUMBER(H8),ISNUMBER(I8)),(I8-H8),"") | N8: =IF(AND(ISNUMBER(E8),ISNUMBER(J8)),(J8-E8),"")
A9: OBT020125093825-Wr. Neustadt (Hödlmayr) | B9: Wr. Neustadt (Hödlmayr) | C9: 609 | D9: 2 | E9: 45659.333 | F9: 45659.402 | G9: 45659.416 | H9: 45659.435 | I9: 45659.435 | J9: 45659.436 | K9: =IF(AND(ISNUMBER(E9),ISNUMBER(F9)),(F9-E9),"") | L9: =IF(AND(ISNUMBER(F9),ISNUMBER(G9)),(G9-F9),"") | M9: =IF(AND(ISNUMBER(H9),ISNUMBER(I9)),(I9-H9),"") | N9: =IF(AND(ISNUMBER(E9),ISNUMBER(J9)),(J9-E9),"")
A10: OBT020125094857-Pitten (Hamburger) | B10: Pitten (Hamburger) | C10: 629 | D10: 1 | E10: 45659.404 | F10: 45659.409 | G10: 45659.42 | H10: 45659.454 | I10: 45659.454 | J10: 45659.455 | K10: =IF(AND(ISNUMBER(E10),ISNUMBER(F10)),(F10-E10),"") | L10: =IF(AND(ISNUMBER(F10),ISNUMBER(G10)),(G10-F10),"") | M10: =IF(AND(ISNUMBER(H10),ISNUMBER(I10)),(I10-H10),"") | N10: =IF(AND(ISNUMBER(E10),ISNUMBER(J10)),(J10-E10),"")
A11: OBT020125105809-Wien Kledering | B11: Wien Kledering | C11: 613 | D11: 2 | E11: 45659.449 | F11: 45659.457 | G11: 45659.458 | H11: 45659.522 | I11: 45659.522 | J11: 45659.523 | K11: =IF(AND(ISNUMBER(E11),ISNUMBER(F11)),(F11-E11),"") | L11: =IF(AND(ISNUMBER(F11),ISNUMBER(G11)),(G11-F11),"") | M11: =IF(AND(ISNUMBER(H11),ISNUMBER(I11)),(I11-H11),"") | N11: =IF(AND(ISNUMBER(E11),ISNUMBER(J11)),(J11-E11),"")
A12: OBT020125145206-Wien Kledering | B12: Wien Kledering | C12: 613 | D12: 1 | E12: 45659.617 | F12: 45659.62 | G12: 45659.62 | H12: 45659.67 | I12: 45659.67 | J12: 45659.671 | K12: =IF(AND(ISNUMBER(E12),ISNUMBER(F12)),(F12-E12),"") | L12: =IF(AND(ISNUMBER(F12),ISNUMBER(G12)),(G12-F12),"") | M12: =IF(AND(ISNUMBER(H12),ISNUMBER(I12)),(I12-H12),"") | N12: =IF(AND(ISNUMBER(E12),ISNUMBER(J12)),(J12-E12),"")
A13: OBT020125152222-Ternitz (Schoeller-Bleckmann) | B13: Ternitz (Schoeller-Bleckmann) | C13: 627 | D13: 4 | E13: 45659.126 | F13: 45659.641 | G13: 45659.641 | H13: 45659.704 | I13: 45659.705 | J13: 45659.706 | K13: =IF(AND(ISNUMBER(E13),ISNUMBER(F13)),(F13-E13),"") | L13: =IF(AND(ISNUMBER(F13),ISNUMBER(G13)),(G13-F13),"") | M13: =IF(AND(ISNUMBER(H13),ISNUMBER(I13)),(I13-H13),"") | N13: =IF(AND(ISNUMBER(E13),ISNUMBER(J13)),(J13-E13),"")
... A411: OBT310125080145-Wr. Neustadt (Brenntag) | B411: Wr. Neustadt (Brenntag) | C411: 619 | D411: 6 | E411: 45686.406 | F411: 45688.335 | G411: 45688.864 | H411: 45688.884 | I411: 45688.884 | J411: 45688.885 | K411: =IF(AND(ISNUMBER(E411),ISNUMBER(F411)),(F411-E411),"") | L411: =IF(AND(ISNUMBER(F411),ISNUMBER(G411)),(G411-F411),"") | M411: =IF(AND(ISNUMBER(H411),ISNUMBER(I411)),(I411-H411),"") | N411: =IF(AND(ISNUMBER(E411),ISNUMBER(J411)),(J411-E411),"")
A412: OBT310125082055-Wien Kledering | B412: Wien Kledering | C412: 627 | D412: 1 | E412: 45688.345 | F412: 45688.348 | K412: =IF(AND(ISNUMBER(E412),ISNUMBER(F412)),(F412-E412),"") | L412: =IF(AND(ISNUMBER(F412),ISNUMBER(G412)),(G412-F412),"") | M412: =IF(AND(ISNUMBER(H412),ISNUMBER(I412)),(I412-H412),"") | N412: =IF(AND(ISNUMBER(E412),ISNUMBER(J412)),(J412-E412),"")
A413: OBT310125091105-Wien Kledering | B413: Wien Kledering | C413: 627 | D413: 1 | E413: 45688.38 | F413: 45688.383 | K413: =IF(AND(ISNUMBER(E413),ISNUMBER(F413)),(F413-E413),"") | L413: =IF(AND(ISNUMBER(F413),ISNUMBER(G413)),(G413-F413),"") | M413: =IF(AND(ISNUMBER(H413),ISNUMBER(I413)),(I413-H413),"") | N413: =IF(AND(ISNUMBER(E413),ISNUMBER(J413)),(J413-E413),"")
A414: OBT310125105654-Wien Kledering | B414: Wien Kledering | C414: 627 | D414: 1 | E414: 45688.454 | F414: 45688.456 | K414: =IF(AND(ISNUMBER(E414),ISNUMBER(F414)),(F414-E414),"") | L414: =IF(AND(ISNUMBER(F414),ISNUMBER(G414)),(G414-F414),"") | M414: =IF(AND(ISNUMBER(H414),ISNUMBER(I414)),(I414-H414),"") | N414: =IF(AND(ISNUMBER(E414),ISNUMBER(J414)),(J414-E414),"")
A415: OBT310125110109-St. Veit an der Glan | B415: St. Veit an der Glan | C415: 617 | D415: 2 | E415: 45688.382 | F415: 45688.459 | K415: =IF(AND(ISNUMBER(E415),ISNUMBER(F415)),(F415-E415),"") | L415: =IF(AND(ISNUMBER(F415),ISNUMBER(G415)),(G415-F415),"") | M415: =IF(AND(ISNUMBER(H415),ISNUMBER(I415)),(I415-H415),"") | N415: =IF(AND(ISNUMBER(E415),ISNUMBER(J415)),(J415-E415),"")
A416: OBT310125124603-Wien Kledering | B416: Wien Kledering | C416: 607 | D416: 2 | E416: 45688.457 | F416: 45688.532 | K416: =IF(AND(ISNUMBER(E416),ISNUMBER(F416)),(F416-E416),"") | L416: =IF(AND(ISNUMBER(F416),ISNUMBER(G416)),(G416-F416),"") | M416: =IF(AND(ISNUMBER(H416),ISNUMBER(I416)),(I416-H416),"") | N416: =IF(AND(ISNUMBER(E416),ISNUMBER(J416)),(J416-E416),"")
A417: OBT310125142730-Wien Kledering | B417: Wien Kledering | C417: 615 | D417: 3 | E417: 45688.129 | F417: 45688.602 | K417: =IF(AND(ISNUMBER(E417),ISNUMBER(F417)),(F417-E417),"") | L417: =IF(AND(ISNUMBER(F417),ISNUMBER(G417)),(G417-F417),"") | M417: =IF(AND(ISNUMBER(H417),ISNUMBER(I417)),(I417-H417),"") | N417: =IF(AND(ISNUMBER(E417),ISNUMBER(J417)),(J417-E417),"")
A418: OBT310125155632-Pitten (Hamburger) | B418: Pitten (Hamburger) | C418: 621 | D418: 6 | E418: 45688.323 | F418: 45688.664 | K418: =IF(AND(ISNUMBER(E418),ISNUMBER(F418)),(F418-E418),"") | L418: =IF(AND(ISNUMBER(F418),ISNUMBER(G418)),(G418-F418),"") | M418: =IF(AND(ISNUMBER(H418),ISNUMBER(I418)),(I418-H418),"") | N418: =IF(AND(ISNUMBER(E418),ISNUMBER(J418)),(J418-E418),"")
A419: OBT310125155832-Neudörfl (FunderMax) | B419: Neudörfl (FunderMax) | C419: 611 | D419: 3 | E419: 45688.315 | F419: 45688.666 | K419: =IF(AND(ISNUMBER(E419),ISNUMBER(F419)),(F419-E419),"") | L419: =IF(AND(ISNUMBER(F419),ISNUMBER(G419)),(G419-F419),"") | M419: =IF(AND(ISNUMBER(H419),ISNUMBER(I419)),(I419-H419),"") | N419: =IF(AND(ISNUMBER(E419),ISNUMBER(J419)),(J419-E419),"")
A420: OBT310125160801-Other sidings north | B420: Other sidings north | C420: 629 | D420: 2 | E420: 45688.643 | F420: 45688.672 | K420: =IF(AND(ISNUMBER(E420),ISNUMBER(F420)),(F420-E420),"") | L420: =IF(AND(ISNUMBER(F420),ISNUMBER(G420)),(G420-F420),"") | M420: =IF(AND(ISNUMBER(H420),ISNUMBER(I420)),(I420-H420),"") | N420: =IF(AND(ISNUMBER(E420),ISNUMBER(J420)),(J420-E420),"")
A421: OBT310125161451-Steinabrückl/Wöllersdorf | B421: Steinabrückl/Wöllersdorf | C421: 623 | D421: 6 | E421: 45687.331 | F421: 45688.677 | K421: =IF(AND(ISNUMBER(E421),ISNUMBER(F421)),(F421-E421),"") | L421: =IF(AND(ISNUMBER(F421),ISNUMBER(G421)),(G421-F421),"") | M421: =IF(AND(ISNUMBER(H421),ISNUMBER(I421)),(I421-H421),"") | N421: =IF(AND(ISNUMBER(E421),ISNUMBER(J421)),(J421-E421),"")
A422: OBT310125162356-Other sidings south | B422: Other sidings south | C422: 609 | D422: 3 | E422: 45688.132 | F422: 45688.683 | K422: =IF(AND(ISNUMBER(E422),ISNUMBER(F422)),(F422-E422),"") | L422: =IF(AND(ISNUMBER(F422),ISNUMBER(G422)),(G422-F422),"") | M422: =IF(AND(ISNUMBER(H422),ISNUMBER(I422)),(I422-H422),"") | N422: =IF(AND(ISNUMBER(E422),ISNUMBER(J422)),(J422-E422),"")
A423: OBT310125174917-Wien Kledering | B423: Wien Kledering | C423: 613 | D423: 1 | E423: 45688.74 | F423: 45688.743 | K423: =IF(AND(ISNUMBER(E423),ISNUMBER(F423)),(F423-E423),"") | L423: =IF(AND(ISNUMBER(F423),ISNUMBER(G423)),(G423-F423),"") | M423: =IF(AND(ISNUMBER(H423),ISNUMBER(I423)),(I423-H423),"") | N423: =IF(AND(ISNUMBER(E423),ISNUMBER(J423)),(J423-E423),"")
... A427: OBT310125204436-Other sidings south | B427: Other sidings south | C427: 629 | D427: 2 | E427: 45688.859 | F427: 45688.864 | K427: =IF(AND(ISNUMBER(E427),ISNUMBER(F427)),(F427-E427),"") | L427: =IF(AND(ISNUMBER(F427),ISNUMBER(G427)),(G427-F427),"") | M427: =IF(AND(ISNUMBER(H427),ISNUMBER(I427)),(I427-H427),"") | N427: =IF(AND(ISNUMBER(E427),ISNUMBER(J427)),(J427-E427),"")

Sheet WGs (raw)
A1: WG Id | B1: Track | C1: Arrived At | D1: OBT Id | E1: OBT Created | F1: OBT Departed | G1: Dwell Until OBT Created (hh:mm:ss) | H1: Total in Classification (hh:mm:ss)
A2: 1000101 | B2: 615 | C2: 45659.122 | D2: OBT030125061555-Other sidings south | E2: 45660.261 | F2: 45660.281 | G2: =IF(AND(ISNUMBER(C2),ISNUMBER(E2)),(E2-C2),"") | H2: =IF(AND(ISNUMBER(C2),ISNUMBER(F2)),(F2-C2),"")
A3: 1000102 | B3: 613 | C3: 45659.124 | D3: OBT020125030112-Neunkirchen (loading tracks) | E3: 45659.126 | F3: 45659.145 | G3: =IF(AND(ISNUMBER(C3),ISNUMBER(E3)),(E3-C3),"") | H3: =IF(AND(ISNUMBER(C3),ISNUMBER(F3)),(F3-C3),"")
A4: 1000103 | B4: 627 | C4: 45659.126 | D4: OBT020125152222-Ternitz (Schoeller-Bleckmann) | E4: 45659.641 | F4: 45659.706 | G4: =IF(AND(ISNUMBER(C4),ISNUMBER(E4)),(E4-C4),"") | H4: =IF(AND(ISNUMBER(C4),ISNUMBER(F4)),(F4-C4),"")
A5: 1000104 | B5: 625 | C5: 45659.128 | D5: OBT030125063005-Gloggnitz | E5: 45660.271 | F5: 45660.314 | G5: =IF(AND(ISNUMBER(C5),ISNUMBER(E5)),(E5-C5),"") | H5: =IF(AND(ISNUMBER(C5),ISNUMBER(F5)),(F5-C5),"")
A6: 1000201 | B6: 613 | C6: 45659.278 | D6: OBT020125064334-Wien Kledering | E6: 45659.28 | F6: 45659.314 | G6: =IF(AND(ISNUMBER(C6),ISNUMBER(E6)),(E6-C6),"") | H6: =IF(AND(ISNUMBER(C6),ISNUMBER(F6)),(F6-C6),"")
A7: 1000401 | B7: 621 | C7: 45659.316 | D7: OBT020125073857-Wien Kledering | E7: 45659.319 | F7: 45659.353 | G7: =IF(AND(ISNUMBER(C7),ISNUMBER(E7)),(E7-C7),"") | H7: =IF(AND(ISNUMBER(C7),ISNUMBER(F7)),(F7-C7),"")
A8: 1000301 | B8: 615 | C8: 45659.32 | D8: OBT030125061555-Other sidings south | E8: 45660.261 | F8: 45660.281 | G8: =IF(AND(ISNUMBER(C8),ISNUMBER(E8)),(E8-C8),"") | H8: =IF(AND(ISNUMBER(C8),ISNUMBER(F8)),(F8-C8),"")
A9: 1000302 | B9: 605 | C9: 45659.322 | D9: OBT020125074750-Pitten (Hamburger) | E9: 45659.325 | F9: 45659.373 | G9: =IF(AND(ISNUMBER(C9),ISNUMBER(E9)),(E9-C9),"") | H9: =IF(AND(ISNUMBER(C9),ISNUMBER(F9)),(F9-C9),"")
A10: 1000303 | B10: 623 | C10: 45659.324 | D10: OBT020125184418-Neunkirchen (loading tracks) | E10: 45659.781 | F10: 45659.803 | G10: =IF(AND(ISNUMBER(C10),ISNUMBER(E10)),(E10-C10),"") | H10: =IF(AND(ISNUMBER(C10),ISNUMBER(F10)),(F10-C10),"")
A11: 1000304 | B11: 627 | C11: 45659.326 | D11: OBT020125152222-Ternitz (Schoeller-Bleckmann) | E11: 45659.641 | F11: 45659.706 | G11: =IF(AND(ISNUMBER(C11),ISNUMBER(E11)),(E11-C11),"") | H11: =IF(AND(ISNUMBER(C11),ISNUMBER(F11)),(F11-C11),"")
A12: 1000305 | B12: 619 | C12: 45659.328 | D12: OBT020125093208-Other sidings north | E12: 45659.397 | F12: 45659.438 | G12: =IF(AND(ISNUMBER(C12),ISNUMBER(E12)),(E12-C12),"") | H12: =IF(AND(ISNUMBER(C12),ISNUMBER(F12)),(F12-C12),"")
A13: 1000306 | B13: 606 | C13: 45659.33 | D13: OBT020125154035-Neudörfl (FunderMax) | E13: 45659.653 | F13: 45659.683 | G13: =IF(AND(ISNUMBER(C13),ISNUMBER(E13)),(E13-C13),"") | H13: =IF(AND(ISNUMBER(C13),ISNUMBER(F13)),(F13-C13),"")
... A1006: 1030303 | B1006: 611 | C1006: 45687.329 | D1006: OBT300125080541-Neunkirchen (loading tracks) | E1006: 45687.337 | F1006: 45688.278 | G1006: =IF(AND(ISNUMBER(C1006),ISNUMBER(E1006)),(E1006-C1006),"") | H1006: =IF(AND(ISNUMBER(C1006),ISNUMBER(F1006)),(F1006-C1006),"")
A1007: 1030305 | B1007: 623 | C1007: 45687.331 | D1007: OBT310125161451-Steinabrückl/Wöllersdorf | E1007: 45688.677 | G1007: =IF(AND(ISNUMBER(C1007),ISNUMBER(E1007)),(E1007-C1007),"") | H1007: =IF(AND(ISNUMBER(C1007),ISNUMBER(F1007)),(F1007-C1007),"")
A1008: 1030306 | B1008: 605 | C1008: 45687.332 | D1008: OBT300125153454-Other sidings south | E1008: 45687.649 | F1008: 45688.556 | G1008: =IF(AND(ISNUMBER(C1008),ISNUMBER(E1008)),(E1008-C1008),"") | H1008: =IF(AND(ISNUMBER(C1008),ISNUMBER(F1008)),(F1008-C1008),"")
A1009: 1030307 | B1009: 611 | C1009: 45687.334 | D1009: OBT300125080541-Neunkirchen (loading tracks) | E1009: 45687.337 | F1009: 45688.278 | G1009: =IF(AND(ISNUMBER(C1009),ISNUMBER(E1009)),(E1009-C1009),"") | H1009: =IF(AND(ISNUMBER(C1009),ISNUMBER(F1009)),(F1009-C1009),"")
A1010: 1030310 | B1010: 617 | C1010: 45687.337 | D1010: OBT300125081010-Wr. Neustadt (Brenntag) | E1010: 45687.34 | F1010: 45688.326 | G1010: =IF(AND(ISNUMBER(C1010),ISNUMBER(E1010)),(E1010-C1010),"") | H1010: =IF(AND(ISNUMBER(C1010),ISNUMBER(F1010)),(F1010-C1010),"")
A1011: 1030311 | B1011: 615 | C1011: 45687.338 | D1011: OBT300125131403-Wien Kledering | E1011: 45687.551 | F1011: 45688.459 | G1011: =IF(AND(ISNUMBER(C1011),ISNUMBER(E1011)),(E1011-C1011),"") | H1011: =IF(AND(ISNUMBER(C1011),ISNUMBER(F1011)),(F1011-C1011),"")
A1012: 1030312 | B1012: 607 | C1012: 45687.339 | D1012: OBT300125081913-Wr. Neustadt Ausfahrbf (Furtenbach) | E1012: 45687.347 | F1012: 45688.407 | G1012: =IF(AND(ISNUMBER(C1012),ISNUMBER(E1012)),(E1012-C1012),"") | H1012: =IF(AND(ISNUMBER(C1012),ISNUMBER(F1012)),(F1012-C1012),"")
A1013: 1030401 | B1013: 607 | C1013: 45687.343 | D1013: OBT300125081913-Wr. Neustadt Ausfahrbf (Furtenbach) | E1013: 45687.347 | F1013: 45688.407 | G1013: =IF(AND(ISNUMBER(C1013),ISNUMBER(E1013)),(E1013-C1013),"") | H1013: =IF(AND(ISNUMBER(C1013),ISNUMBER(F1013)),(F1013-C1013),"")
A1014: 1030501 | B1014: 621 | C1014: 45687.36 | D1014: OBT300125085102-St. Veit an der Glan | E1014: 45687.369 | F1014: 45688.37 | G1014: =IF(AND(ISNUMBER(C1014),ISNUMBER(E1014)),(E1014-C1014),"") | H1014: =IF(AND(ISNUMBER(C1014),ISNUMBER(F1014)),(F1014-C1014),"")
A1015: 1030503 | B1015: 621 | C1015: 45687.36 | D1015: OBT300125085102-St. Veit an der Glan | E1015: 45687.369 | F1015: 45688.37 | G1015: =IF(AND(ISNUMBER(C1015),ISNUMBER(E1015)),(E1015-C1015),"") | H1015: =IF(AND(ISNUMBER(C1015),ISNUMBER(F1015)),(F1015-C1015),"")
A1016: 1030601 | B1016: 627 | C1016: 45687.397 | D1016: OBT300125093406-Wr. Neustadt (Hödlmayr) | E1016: 45687.399 | F1016: 45688.408 | G1016: =IF(AND(ISNUMBER(C1016),ISNUMBER(E1016)),(E1016-C1016),"") | H1016: =IF(AND(ISNUMBER(C1016),ISNUMBER(F1016)),(F1016-C1016),"")
A1017: 1030602 | B1017: 619 | C1017: 45687.399 | D1017: OBT310125080145-Wr. Neustadt (Brenntag) | E1017: 45688.335 | F1017: 45688.885 | G1017: =IF(AND(ISNUMBER(C1017),ISNUMBER(E1017)),(E1017-C1017),"") | H1017: =IF(AND(ISNUMBER(C1017),ISNUMBER(F1017)),(F1017-C1017),"")
A1018: 1030604 | B1018: 621 | C1018: 45687.403 | D1018: OBT300125153249-Neudörfl (FunderMax) | E1018: 45687.648 | F1018: 45688.485 | G1018: =IF(AND(ISNUMBER(C1018),ISNUMBER(E1018)),(E1018-C1018),"") | H1018: =IF(AND(ISNUMBER(C1018),ISNUMBER(F1018)),(F1018-C1018),"")
A1019: 1030605 | B1019: 629 | C1019: 45687.405 | D1019: OBT310125075821-Ternitz (Schoeller-Bleckmann) | E1019: 45688.332 | F1019: 45688.772 | G1019: =IF(AND(ISNUMBER(C1019),ISNUMBER(E1019)),(E1019-C1019),"") | H1019: =IF(AND(ISNUMBER(C1019),ISNUMBER(F1019)),(F1019-C1019),"")
... A1021: 1031001 | B1021: 629 | C1021: 45687.636 | D1021: OBT310125075821-Ternitz (Schoeller-Bleckmann) | E1021: 45688.332 | F1021: 45688.772 | G1021: =IF(AND(ISNUMBER(C1021),ISNUMBER(E1021)),(E1021-C1021),"") | H1021: =IF(AND(ISNUMBER(C1021),ISNUMBER(F1021)),(F1021-C1021),"")
A1022: 1031002 | B1022: 623 | C1022: 45687.638 | D1022: OBT310125161451-Steinabrückl/Wöllersdorf | E1022: 45688.677 | G1022: =IF(AND(ISNUMBER(C1022),ISNUMBER(E1022)),(E1022-C1022),"") | H1022: =IF(AND(ISNUMBER(C1022),ISNUMBER(F1022)),(F1022-C1022),"")
A1023: 1031003 | B1023: 619 | C1023: 45687.64 | D1023: OBT310125080145-Wr. Neustadt (Brenntag) | E1023: 45688.335 | F1023: 45688.885 | G1023: =IF(AND(ISNUMBER(C1023),ISNUMBER(E1023)),(E1023-C1023),"") | H1023: =IF(AND(ISNUMBER(C1023),ISNUMBER(F1023)),(F1023-C1023),"")
A1024: 1031004 | B1024: 621 | C1024: 45687.642 | D1024: OBT300125153249-Neudörfl (FunderMax) | E1024: 45687.648 | F1024: 45688.485 | G1024: =IF(AND(ISNUMBER(C1024),ISNUMBER(E1024)),(E1024-C1024),"") | H1024: =IF(AND(ISNUMBER(C1024),ISNUMBER(F1024)),(F1024-C1024),"")
A1025: 1031005 | B1025: 621 | C1025: 45687.644 | D1025: OBT300125153249-Neudörfl (FunderMax) | E1025: 45687.648 | F1025: 45688.485 | G1025: =IF(AND(ISNUMBER(C1025),ISNUMBER(E1025)),(E1025-C1025),"") | H1025: =IF(AND(ISNUMBER(C1025),ISNUMBER(F1025)),(F1025-C1025),"")
A1026: 1031007 | B1026: 605 | C1026: 45687.646 | D1026: OBT300125153454-Other sidings south | E1026: 45687.649 | F1026: 45688.556 | G1026: =IF(AND(ISNUMBER(C1026),ISNUMBER(E1026)),(E1026-C1026),"") | H1026: =IF(AND(ISNUMBER(C1026),ISNUMBER(F1026)),(F1026-C1026),"")
A1027: 1031008 | B1027: 627 | C1027: 45687.648 | D1027: OBT300125204557-Wien Kledering | E1027: 45687.865 | F1027: 45688.725 | G1027: =IF(AND(ISNUMBER(C1027),ISNUMBER(E1027)),(E1027-C1027),"") | H1027: =IF(AND(ISNUMBER(C1027),ISNUMBER(F1027)),(F1027-C1027),"")
A1028: 1031101 | B1028: 615 | C1028: 45687.654 | D1028: OBT300125200005-Wien Kledering | E1028: 45687.833 | F1028: 45688.635 | G1028: =IF(AND(ISNUMBER(C1028),ISNUMBER(E1028)),(E1028-C1028),"") | H1028: =IF(AND(ISNUMBER(C1028),ISNUMBER(F1028)),(F1028-C1028),"")
A1029: 1031201 | B1029: 615 | C1029: 45687.731 | D1029: OBT300125200005-Wien Kledering | E1029: 45687.833 | F1029: 45688.635 | G1029: =IF(AND(ISNUMBER(C1029),ISNUMBER(E1029)),(E1029-C1029),"") | H1029: =IF(AND(ISNUMBER(C1029),ISNUMBER(F1029)),(F1029-C1029),"")
A1030: 1031301 | B1030: 615 | C1030: 45687.829 | D1030: OBT300125200005-Wien Kledering | E1030: 45687.833 | F1030: 45688.635 | G1030: =IF(AND(ISNUMBER(C1030),ISNUMBER(E1030)),(E1030-C1030),"") | H1030: =IF(AND(ISNUMBER(C1030),ISNUMBER(F1030)),(F1030-C1030),"")
A1031: 1031401 | B1031: 627 | C1031: 45687.863 | D1031: OBT300125204557-Wien Kledering | E1031: 45687.865 | F1031: 45688.725 | G1031: =IF(AND(ISNUMBER(C1031),ISNUMBER(E1031)),(E1031-C1031),"") | H1031: =IF(AND(ISNUMBER(C1031),ISNUMBER(F1031)),(F1031-C1031),"")
A1032: 1031501 | B1032: 615 | C1032: 45688.129 | D1032: OBT310125142730-Wien Kledering | E1032: 45688.602 | G1032: =IF(AND(ISNUMBER(C1032),ISNUMBER(E1032)),(E1032-C1032),"") | H1032: =IF(AND(ISNUMBER(C1032),ISNUMBER(F1032)),(F1032-C1032),"")
A1033: 1031502 | B1033: 606 | C1033: 45688.131 | D1033: OBT310125075536-Neunkirchen (loading tracks) | E1033: 45688.33 | F1033: 45688.782 | G1033: =IF(AND(ISNUMBER(C1033),ISNUMBER(E1033)),(E1033-C1033),"") | H1033: =IF(AND(ISNUMBER(C1033),ISNUMBER(F1033)),(F1033-C1033),"")
A1034: 1031503 | B1034: 609 | C1034: 45688.132 | D1034: OBT310125162356-Other sidings south | E1034: 45688.683 | G1034: =IF(AND(ISNUMBER(C1034),ISNUMBER(E1034)),(E1034-C1034),"") | H1034: =IF(AND(ISNUMBER(C1034),ISNUMBER(F1034)),(F1034-C1034),"")
A1035: 1031504 | B1035: 615 | C1035: 45688.133 | D1035: OBT310125142730-Wien Kledering | E1035: 45688.602 | G1035: =IF(AND(ISNUMBER(C1035),ISNUMBER(E1035)),(E1035-C1035),"") | H1035: =IF(AND(ISNUMBER(C1035),ISNUMBER(F1035)),(F1035-C1035),"")
A1036: 1031505 | B1036: 629 | C1036: 45688.135 | D1036: OBT310125075821-Ternitz (Schoeller-Bleckmann) | E1036: 45688.332 | F1036: 45688.772 | G1036: =IF(AND(ISNUMBER(C1036),ISNUMBER(E1036)),(E1036-C1036),"") | H1036: =IF(AND(ISNUMBER(C1036),ISNUMBER(F1036)),(F1036-C1036),"")
A1037: 1031701 | B1037: 613 | C1037: 45688.258 | D1037: OBT310125061436-Wien Kledering | E1037: 45688.26 | F1037: 45688.709 | G1037: =IF(AND(ISNUMBER(C1037),ISNUMBER(E1037)),(E1037-C1037),"") | H1037: =IF(AND(ISNUMBER(C1037),ISNUMBER(F1037)),(F1037-C1037),"")
A1038: 1031801 | B1038: 627 | C1038: 45688.299 | D1038: OBT310125074214-Wien Kledering | E1038: 45688.321 | F1038: 45688.718 | G1038: =IF(AND(ISNUMBER(C1038),ISNUMBER(E1038)),(E1038-C1038),"") | H1038: =IF(AND(ISNUMBER(C1038),ISNUMBER(F1038)),(F1038-C1038),"")
A1039: 1031901 | B1039: 611 | C1039: 45688.315 | D1039: OBT310125155832-Neudörfl (FunderMax) | E1039: 45688.666 | G1039: =IF(AND(ISNUMBER(C1039),ISNUMBER(E1039)),(E1039-C1039),"") | H1039: =IF(AND(ISNUMBER(C1039),ISNUMBER(F1039)),(F1039-C1039),"")
A1040: 1031902 | B1040: 627 | C1040: 45688.317 | D1040: OBT310125074214-Wien Kledering | E1040: 45688.321 | F1040: 45688.718 | G1040: =IF(AND(ISNUMBER(C1040),ISNUMBER(E1040)),(E1040-C1040),"") | H1040: =IF(AND(ISNUMBER(C1040),ISNUMBER(F1040)),(F1040-C1040),"")
A1041: 1031903 | B1041: 611 | C1041: 45688.319 | D1041: OBT310125155832-Neudörfl (FunderMax) | E1041: 45688.666 | G1041: =IF(AND(ISNUMBER(C1041),ISNUMBER(E1041)),(E1041-C1041),"") | H1041: =IF(AND(ISNUMBER(C1041),ISNUMBER(F1041)),(F1041-C1041),"")
A1042: 1031904 | B1042: 629 | C1042: 45688.321 | D1042: OBT310125075821-Ternitz (Schoeller-Bleckmann) | E1042: 45688.332 | F1042: 45688.772 | G1042: =IF(AND(ISNUMBER(C1042),ISNUMBER(E1042)),(E1042-C1042),"") | H1042: =IF(AND(ISNUMBER(C1042),ISNUMBER(F1042)),(F1042-C1042),"")
A1043: 1031905 | B1043: 621 | C1043: 45688.323 | D1043: OBT310125155632-Pitten (Hamburger) | E1043: 45688.664 | G1043: =IF(AND(ISNUMBER(C1043),ISNUMBER(E1043)),(E1043-C1043),"") | H1043: =IF(AND(ISNUMBER(C1043),ISNUMBER(F1043)),(F1043-C1043),"")
A1044: 1031907 | B1044: 619 | C1044: 45688.325 | D1044: OBT310125080145-Wr. Neustadt (Brenntag) | E1044: 45688.335 | F1044: 45688.885 | G1044: =IF(AND(ISNUMBER(C1044),ISNUMBER(E1044)),(E1044-C1044),"") | H1044: =IF(AND(ISNUMBER(C1044),ISNUMBER(F1044)),(F1044-C1044),"")
A1045: 1031908 | B1045: 606 | C1045: 45688.327 | D1045: OBT310125075536-Neunkirchen (loading tracks) | E1045: 45688.33 | F1045: 45688.782 | G1045: =IF(AND(ISNUMBER(C1045),ISNUMBER(E1045)),(E1045-C1045),"") | H1045: =IF(AND(ISNUMBER(C1045),ISNUMBER(F1045)),(F1045-C1045),"")
A1046: 1031910 | B1046: 629 | C1046: 45688.329 | D1046: OBT310125075821-Ternitz (Schoeller-Bleckmann) | E1046: 45688.332 | F1046: 45688.772 | G1046: =IF(AND(ISNUMBER(C1046),ISNUMBER(E1046)),(E1046-C1046),"") | H1046: =IF(AND(ISNUMBER(C1046),ISNUMBER(F1046)),(F1046-C1046),"")
A1047: 1031911 | B1047: 619 | C1047: 45688.331 | D1047: OBT310125080145-Wr. Neustadt (Brenntag) | E1047: 45688.335 | F1047: 45688.885 | G1047: =IF(AND(ISNUMBER(C1047),ISNUMBER(E1047)),(E1047-C1047),"") | H1047: =IF(AND(ISNUMBER(C1047),ISNUMBER(F1047)),(F1047-C1047),"")
A1048: 1032001 | B1048: 627 | C1048: 45688.345 | D1048: OBT310125082055-Wien Kledering | E1048: 45688.348 | G1048: =IF(AND(ISNUMBER(C1048),ISNUMBER(E1048)),(E1048-C1048),"") | H1048: =IF(AND(ISNUMBER(C1048),ISNUMBER(F1048)),(F1048-C1048),"")
A1049: 1032101 | B1049: 627 | C1049: 45688.38 | D1049: OBT310125091105-Wien Kledering | E1049: 45688.383 | G1049: =IF(AND(ISNUMBER(C1049),ISNUMBER(E1049)),(E1049-C1049),"") | H1049: =IF(AND(ISNUMBER(C1049),ISNUMBER(F1049)),(F1049-C1049),"")
A1050: 1032102 | B1050: 617 | C1050: 45688.382 | D1050: OBT310125110109-St. Veit an der Glan | E1050: 45688.459 | G1050: =IF(AND(ISNUMBER(C1050),ISNUMBER(E1050)),(E1050-C1050),"") | H1050: =IF(AND(ISNUMBER(C1050),ISNUMBER(F1050)),(F1050-C1050),"")
A1051: 1032201 | B1051: 621 | C1051: 45688.393 | D1051: OBT310125155632-Pitten (Hamburger) | E1051: 45688.664 | G1051: =IF(AND(ISNUMBER(C1051),ISNUMBER(E1051)),(E1051-C1051),"") | H1051: =IF(AND(ISNUMBER(C1051),ISNUMBER(F1051)),(F1051-C1051),"")
A1052: 1032203 | B1052: 623 | C1052: 45688.394 | D1052: OBT310125161451-Steinabrückl/Wöllersdorf | E1052: 45688.677 | G1052: =IF(AND(ISNUMBER(C1052),ISNUMBER(E1052)),(E1052-C1052),"") | H1052: =IF(AND(ISNUMBER(C1052),ISNUMBER(F1052)),(F1052-C1052),"")
A1053: 1032205 | B1053: 623 | C1053: 45688.398 | D1053: OBT310125161451-Steinabrückl/Wöllersdorf | E1053: 45688.677 | G1053: =IF(AND(ISNUMBER(C1053),ISNUMBER(E1053)),(E1053-C1053),"") | H1053: =IF(AND(ISNUMBER(C1053),ISNUMBER(F1053)),(F1053-C1053),"")
A1054: 1032206 | B1054: 609 | C1054: 45688.4 | D1054: OBT310125162356-Other sidings south | E1054: 45688.683 | G1054: =IF(AND(ISNUMBER(C1054),ISNUMBER(E1054)),(E1054-C1054),"") | H1054: =IF(AND(ISNUMBER(C1054),ISNUMBER(F1054)),(F1054-C1054),"")
A1055: 1032208 | B1055: 621 | C1055: 45688.402 | D1055: OBT310125155632-Pitten (Hamburger) | E1055: 45688.664 | G1055: =IF(AND(ISNUMBER(C1055),ISNUMBER(E1055)),(E1055-C1055),"") | H1055: =IF(AND(ISNUMBER(C1055),ISNUMBER(F1055)),(F1055-C1055),"")
A1056: 1032301 | B1056: 627 | C1056: 45688.454 | D1056: OBT310125105654-Wien Kledering | E1056: 45688.456 | G1056: =IF(AND(ISNUMBER(C1056),ISNUMBER(E1056)),(E1056-C1056),"") | H1056: =IF(AND(ISNUMBER(C1056),ISNUMBER(F1056)),(F1056-C1056),"")
A1057: 1032302 | B1057: 617 | C1057: 45688.455 | D1057: OBT310125110109-St. Veit an der Glan | E1057: 45688.459 | G1057: =IF(AND(ISNUMBER(C1057),ISNUMBER(E1057)),(E1057-C1057),"") | H1057: =IF(AND(ISNUMBER(C1057),ISNUMBER(F1057)),(F1057-C1057),"")
A1058: 1032303 | B1058: 607 | C1058: 45688.457 | D1058: OBT310125124603-Wien Kledering | E1058: 45688.532 | G1058: =IF(AND(ISNUMBER(C1058),ISNUMBER(E1058)),(E1058-C1058),"") | H1058: =IF(AND(ISNUMBER(C1058),ISNUMBER(F1058)),(F1058-C1058),"")
A1059: 1032401 | B1059: 607 | C1059: 45688.528 | D1059: OBT310125124603-Wien Kledering | E1059: 45688.532 | G1059: =IF(AND(ISNUMBER(C1059),ISNUMBER(E1059)),(E1059-C1059),"") | H1059: =IF(AND(ISNUMBER(C1059),ISNUMBER(F1059)),(F1059-C1059),"")
... A1077: 1033105 | B1077: 629 | C1077: 45688.861 | D1077: OBT310125204436-Other sidings south | E1077: 45688.864 | G1077: =IF(AND(ISNUMBER(C1077),ISNUMBER(E1077)),(E1077-C1077),"") | H1077: =IF(AND(ISNUMBER(C1077),ISNUMBER(F1077)),(F1077-C1077),"")
